species,presence,x,y,date,accuracy,source
Bromus rubens,1,-118.844172,35.6498,2013-04-07,5,INaturalist
Bromus rubens,1,-117.193763,32.92603,2015-03-11,68,INaturalist
Bromus rubens,1,-118.756149,34.115353,2015-04-05,47,INaturalist
Bromus rubens,1,-119.649527,37.066073,2015-04-11,5,INaturalist
Bromus rubens,1,-111.763275,36.054322,2015-05-01,5,INaturalist
Bromus rubens,1,-118.536214,35.315029,2015-05-09,5,INaturalist
Bromus rubens,1,-118.643653,34.854172,2015-05-08,54,INaturalist
Bromus rubens,1,-112.017751,34.749827,2015-05-25,54,INaturalist
Bromus rubens,1,-118.250208,34.250708,2015-06-04,96,INaturalist
Bromus rubens,1,-117.250608,32.89381,2015-05-31,274,INaturalist
Bromus rubens,1,-117.887575,34.16324,2015-06-08,50,INaturalist
Bromus rubens,1,-118.815486,34.129954,2015-06-18,5,INaturalist
Bromus rubens,1,-116.78938,33.111683,2015-06-06,552,INaturalist
Bromus rubens,1,-118.921429,34.388794,2015-07-14,5,INaturalist
Bromus rubens,1,-118.646993,34.267758,2015-07-18,10,INaturalist
Bromus rubens,1,-117.203093,32.906689,2015-07-11,152,INaturalist
Bromus rubens,1,-116.664435,34.809066,2016-01-24,218,INaturalist
Bromus rubens,1,-118.772179,34.184533,2016-02-18,3,INaturalist
Bromus rubens,1,-116.9033803,36.81489553,2016-03-12,5,INaturalist
Bromus rubens,1,-114.8084605,36.03736413,2016-03-19,5,INaturalist
Bromus rubens,1,-114.5735832,35.19402929,2016-03-19,18,INaturalist
Bromus rubens,1,-117.00319,33.23945,2016-03-25,38,INaturalist
Bromus rubens,1,-118.5293833,34.05084725,2016-03-28,30,INaturalist
Bromus rubens,1,-118.728987,34.145521,2016-04-02,4,INaturalist
Bromus rubens,1,-115.6754442,34.8510726,2016-04-01,4,INaturalist
Bromus rubens,1,-118.0208188,34.19869177,2016-04-14,12,INaturalist
Bromus rubens,1,-118.2932379,34.14325286,2016-04-15,8,INaturalist
Bromus rubens,1,-118.1572754,34.2542685,2016-04-16,8,INaturalist
Bromus rubens,1,-118.826921,34.129595,2016-04-19,6,INaturalist
Bromus rubens,1,-116.838843,34.938466,2016-04-22,217,INaturalist
Bromus rubens,1,-115.4986614,35.26304841,2016-05-12,3,INaturalist
Bromus rubens,1,-115.124994,35.51482877,2016-05-17,7,INaturalist
Bromus rubens,1,-116.425917,33.586488,2016-04-16,110,INaturalist
Bromus rubens,1,-118.254886,34.312954,2016-08-27,318,INaturalist
Bromus rubens,1,-118.9697456,34.14075212,2017-02-09,244,INaturalist
Bromus rubens,1,-117.2292709,32.75115275,2017-03-18,15,INaturalist
Bromus rubens,1,-117.7833569,33.65742553,2017-03-22,5,INaturalist
Bromus rubens,1,-122.603817,38.13172105,2017-03-23,136,INaturalist
Bromus rubens,1,-118.38666,34.26952333,2017-04-15,25,INaturalist
Bromus rubens,1,-119.3635368,35.33276232,2017-04-11,61,INaturalist
Bromus rubens,1,-111.5916109,36.86573371,2017-04-08,31,INaturalist
Bromus rubens,1,-118.2011245,34.0980785,2017-04-15,103,INaturalist
Bromus rubens,1,-118.2131844,34.20014324,2017-04-17,5,INaturalist
Bromus rubens,1,-114.95927,36.09367711,2017-04-29,5,INaturalist
Bromus rubens,1,-112.0816647,33.58374776,2017-05-06,5,INaturalist
Bromus rubens,1,-121.7801528,36.68382838,2017-05-06,10,INaturalist
Bromus rubens,1,-109.8429823,32.73992712,2017-05-05,61,INaturalist
Bromus rubens,1,-122.546394,38.64376708,2017-05-11,5,INaturalist
Bromus rubens,1,-117.3445722,33.18021635,2017-05-18,305,INaturalist
Bromus rubens,1,-116.182415,34.10516,2017-06-10,109,INaturalist
Bromus rubens,1,-116.480205,33.221205,2017-03-25,111,INaturalist
Bromus rubens,1,-116.1636829,34.0014428,2017-06-22,244,INaturalist
Bromus rubens,1,-112.0738506,33.33992212,2017-08-19,369,INaturalist
Bromus rubens,1,-116.0707001,34.04014464,2017-09-15,30,INaturalist
Bromus rubens,1,-116.9443959,32.5558837,2017-09-18,2,INaturalist
Bromus rubens,1,-117.9847584,35.64408682,2017-09-23,5,INaturalist
Bromus rubens,1,-116.1730723,33.93303097,2017-10-27,9,INaturalist
Bromus rubens,1,-116.8061871,32.7352492,2017-10-30,2,INaturalist
Bromus rubens,1,-116.43813,34.05434,2017-11-04,5,INaturalist
Bromus rubens,1,-115.38623,36.19743333,2017-11-22,5,INaturalist
Bromus rubens,1,-111.792305,34.864348,2017-05-21,28,INaturalist
Bromus rubens,1,-116.15595,34.0668,2018-01-11,150,INaturalist
Bromus rubens,1,-115.4601833,36.0360555,2018-01-12,5,INaturalist
Bromus rubens,1,-116.1854903,34.04068158,2018-02-21,6,INaturalist
Bromus rubens,1,-119.60408,35.29952,2018-02-27,5,INaturalist
Bromus rubens,1,-112.5458,33.91558,2018-03-06,5,INaturalist
Bromus rubens,1,-110.897025,32.43131667,2018-03-15,20,INaturalist
Bromus rubens,1,-118.1176305,34.58436167,2018-03-18,5,INaturalist
Bromus rubens,1,-117.4696917,33.89526313,2018-03-25,7,INaturalist
Bromus rubens,1,-118.266512,37.254011,2010-05-07,5,INaturalist
Bromus rubens,1,-116.5339589,34.1081991,2018-03-31,24,INaturalist
Bromus rubens,1,-116.1418444,34.02522222,2018-03-30,8,INaturalist
Bromus rubens,1,-116.1736222,34.01488611,2018-04-01,6,INaturalist
Bromus rubens,1,-120.3299467,35.4761,2018-04-08,10,INaturalist
Bromus rubens,1,-116.5632158,33.78006941,2018-04-07,61,INaturalist
Bromus rubens,1,-115.379455,36.13902217,2018-04-11,5,INaturalist
Bromus rubens,1,-115.3498921,36.159539,2018-04-14,10,INaturalist
Bromus rubens,1,-122.386505,38.50328833,2018-04-15,5,INaturalist
Bromus rubens,1,-116.01383,33.88847,2018-04-01,50,INaturalist
Bromus rubens,1,-118.3050667,34.23402381,2018-04-27,5,INaturalist
Bromus rubens,1,-117.2912831,33.16520736,2018-04-27,5,INaturalist
Bromus rubens,1,-116.6745077,32.57912769,2018-04-27,7,INaturalist
Bromus rubens,1,-116.4488339,32.74723657,2018-04-27,479,INaturalist
Bromus rubens,1,-117.873716,34.49648568,2018-04-27,3,INaturalist
Bromus rubens,1,-118.610732,34.2743912,2018-04-27,28,INaturalist
Bromus rubens,1,-118.6267662,34.26114327,2018-04-27,61,INaturalist
Bromus rubens,1,-117.2197782,32.8420949,2018-04-28,122,INaturalist
Bromus rubens,1,-117.3677352,33.2252067,2018-04-28,5,INaturalist
Bromus rubens,1,-117.0835708,32.96671752,2018-04-28,5,INaturalist
Bromus rubens,1,-116.6429413,34.02036723,2018-04-28,9,INaturalist
Bromus rubens,1,-118.31852,33.73272,2018-04-28,5,INaturalist
Bromus rubens,1,-117.2232137,32.803387,2018-04-29,5,INaturalist
Bromus rubens,1,-122.3819117,37.709025,2018-04-29,5,INaturalist
Bromus rubens,1,-116.9717167,33.04474167,2018-04-29,5,INaturalist
Bromus rubens,1,-116.7600867,32.799475,2018-04-29,0,INaturalist
Bromus rubens,1,-116.7647167,33.248045,2018-04-29,12,INaturalist
Bromus rubens,1,-117.0230409,33.01891788,2018-04-28,688,INaturalist
Bromus rubens,1,-116.782019,33.00091767,2018-04-29,8,INaturalist
Bromus rubens,1,-117.1836296,32.8776217,2018-04-29,49,INaturalist
Bromus rubens,1,-117.1098722,32.780045,2018-04-30,10,INaturalist
Bromus rubens,1,-112.0895694,36.06954444,2018-04-21,5,INaturalist
Bromus rubens,1,-116.1400545,34.07964604,2018-05-03,5,INaturalist
Bromus rubens,1,-117.8391737,33.69677108,2018-05-03,9,INaturalist
Bromus rubens,1,-118.0939049,34.19015096,2018-04-28,19,INaturalist
Bromus rubens,1,-122.4932333,38.45318333,2018-05-05,5,INaturalist
Bromus rubens,1,-121.4561936,36.12049943,2018-05-05,7,INaturalist
Bromus rubens,1,-118.3763086,35.67577151,2018-05-06,5,INaturalist
Bromus rubens,1,-117.2202402,32.89799356,2018-05-06,8,INaturalist
Bromus rubens,1,-121.0782034,36.51071697,2018-05-08,65,INaturalist
Bromus rubens,1,-114.4695866,35.47261919,2018-05-09,5,INaturalist
Bromus rubens,1,-116.1173695,34.0511195,2018-05-09,10,INaturalist
Bromus rubens,1,-116.576765,33.087097,2018-04-28,111,INaturalist
Bromus rubens,1,-122.6207012,37.96277529,2018-05-19,5,INaturalist
Bromus rubens,1,-120.1172671,36.09059965,2018-05-17,5,INaturalist
Bromus rubens,1,-116.7115446,33.00834035,2018-05-22,7,INaturalist
Bromus rubens,1,-118.501105,35.66307,2018-05-24,5,INaturalist
Bromus rubens,1,-121.8712638,37.1603045,2018-05-25,191,INaturalist
Bromus rubens,1,-118.3087617,34.14383333,2018-05-27,8,INaturalist
Bromus rubens,1,-116.3742535,34.0695947,2018-05-26,6,INaturalist
Bromus rubens,1,-122.4666874,38.36778106,2018-06-09,688,INaturalist
Bromus rubens,1,-118.2429607,34.10442388,2018-04-11,165,INaturalist
Bromus rubens,1,-110.8720033,32.60113667,2018-06-14,5,INaturalist
Bromus rubens,1,-121.03185,36.66745,2018-05-04,5,INaturalist
Bromus rubens,1,-116.2393259,34.03164607,2018-12-17,5,INaturalist
Bromus rubens,1,-116.1958008,34.01703511,2018-12-18,5,INaturalist
Bromus rubens,1,-112.2165924,33.77564867,2019-01-21,5,INaturalist
Bromus rubens,1,-117.5908658,33.39463928,2019-01-26,15,INaturalist
Bromus rubens,1,-112.0076139,33.86342,2019-02-02,5,INaturalist
Bromus rubens,1,-113.996475,34.47752,2019-02-02,5,INaturalist
Bromus rubens,1,-118.352618,33.34431319,2019-02-09,10,INaturalist
Bromus rubens,1,-111.7743917,33.62586167,2019-02-11,5,INaturalist
Bromus rubens,1,-110.9313283,32.27908333,2019-02-18,5,INaturalist
Bromus rubens,1,-114.6811449,35.22580373,2017-04-03,257,INaturalist
Bromus rubens,1,-111.8089844,33.77656548,2019-03-03,5,INaturalist
Bromus rubens,1,-112.13513879999999,33.31428667,2019-03-09,5,INaturalist
Bromus rubens,1,-112.1054698,33.32989739,2019-03-09,120,INaturalist
Bromus rubens,1,-111.5718905,33.55490116,2013-04-12,244,INaturalist
Bromus rubens,1,-117.3068923,33.14056909,2019-03-13,5,INaturalist
Bromus rubens,1,-117.2934053,33.35584026,2019-03-13,32,INaturalist
Bromus rubens,1,-117.2467299,33.01089488,2019-03-13,5,INaturalist
Bromus rubens,1,-113.4522535,34.53595894,2019-03-14,9,INaturalist
Bromus rubens,1,-117.2664244,33.88648404,2019-03-14,5,INaturalist
Bromus rubens,1,-110.838199,32.30850939,2019-03-14,31,INaturalist
Bromus rubens,1,-117.9779627,33.6427678,2019-03-16,12,INaturalist
Bromus rubens,1,-112.1707467,33.75407833,2019-03-09,5,INaturalist
Bromus rubens,1,-111.8408967,34.61182833,2019-03-18,5,INaturalist
Bromus rubens,1,-117.0110723,33.70091413,2019-03-17,104,INaturalist
Bromus rubens,1,-111.8173772,33.7919319,2019-03-19,5,INaturalist
Bromus rubens,1,-119.0401612,33.470225,2019-03-21,5,INaturalist
Bromus rubens,1,-112.7731072,33.96565512,2019-03-22,6,INaturalist
Bromus rubens,1,-119.8271688,35.26961465,2019-03-23,5,INaturalist
Bromus rubens,1,-114.5387128,35.18056502,2019-03-24,5,INaturalist
Bromus rubens,1,-111.5038797,33.68295006,2019-03-19,5,INaturalist
Bromus rubens,1,-115.92633,33.80935,2019-03-21,10,INaturalist
Bromus rubens,1,-116.282105,32.84261667,2019-03-24,10,INaturalist
Bromus rubens,1,-110.9799944,32.45831667,2019-03-25,5,INaturalist
Bromus rubens,1,-117.6322564,33.69073966,2019-03-23,15,INaturalist
Bromus rubens,1,-111.8266592,33.76921651,2019-03-26,3,INaturalist
Bromus rubens,1,-111.8049383,33.76239667,2019-03-28,4,INaturalist
Bromus rubens,1,-116.4010996,33.64900222,2019-03-29,4,INaturalist
Bromus rubens,1,-112.7374337,33.99151842,2019-03-25,466,INaturalist
Bromus rubens,1,-111.84382,33.759995,2019-03-30,5,INaturalist
Bromus rubens,1,-116.3916464,33.4035443,2019-03-26,50,INaturalist
Bromus rubens,1,-116.4438568,33.23619768,2019-03-30,10,INaturalist
Bromus rubens,1,-111.5904917,33.47898833,2019-03-31,6,INaturalist
Bromus rubens,1,-110.9023283,32.463755,2019-03-29,6,INaturalist
Bromus rubens,1,-112.7115783,32.01657778,2019-03-30,5,INaturalist
Bromus rubens,1,-115.4013467,34.02998231,2019-03-20,3,INaturalist
Bromus rubens,1,-115.804059,33.9528532,2019-03-31,3,INaturalist
Bromus rubens,1,-117.1847533,34.02064167,2019-04-02,5,INaturalist
Bromus rubens,1,-116.3893967,33.24120333,2019-04-02,5,INaturalist
Bromus rubens,1,-118.4527836,32.86585024,2019-04-02,10,INaturalist
Bromus rubens,1,-111.4443549,33.38980339,2019-04-04,5,INaturalist
Bromus rubens,1,-116.4244691,33.2244763,2019-04-06,9,INaturalist
Bromus rubens,1,-116.25049,34.11468,2019-03-30,10,INaturalist
Bromus rubens,1,-116.4776571,33.3532585,2019-04-08,5,INaturalist
Bromus rubens,1,-117.1890244,32.77604846,2019-04-09,24,INaturalist
Bromus rubens,1,-114.0659861,33.37680833,2019-04-06,5,INaturalist
Bromus rubens,1,-118.6310335,34.13715127,2019-04-10,6,INaturalist
Bromus rubens,1,-111.1139528,33.64526167,2017-03-27,5,INaturalist
Bromus rubens,1,-116.4443887,34.04544752,2019-04-09,5,INaturalist
Bromus rubens,1,-117.8034503,34.07414207,2019-04-11,10,INaturalist
Bromus rubens,1,-116.8762278,32.78686389,2019-04-11,100,INaturalist
Bromus rubens,1,-118.4711083,34.17192833,2019-04-10,10,INaturalist
Bromus rubens,1,-111.4580607,33.70992301,2019-04-12,198,INaturalist
Bromus rubens,1,-110.8833497,33.67010035,2019-04-13,24,INaturalist
Bromus rubens,1,-111.5407739,33.13804837,2019-04-16,5,INaturalist
Bromus rubens,1,-117.8728176,33.65089667,2019-04-17,6,INaturalist
Bromus rubens,1,-114.2502004,35.43602533,2019-04-15,31,INaturalist
Bromus rubens,1,-115.1627805,35.756895,2019-04-17,5,INaturalist
Bromus rubens,1,-118.168105,34.13902217,2019-04-22,10,INaturalist
Bromus rubens,1,-119.0156028,34.07719717,2019-04-19,6,INaturalist
Bromus rubens,1,-113.498631,37.0990132,2019-04-22,9,INaturalist
Bromus rubens,1,-118.7622125,34.14945334,2019-04-22,24,INaturalist
Bromus rubens,1,-114.2237612,36.7291412,2019-04-22,5,INaturalist
Bromus rubens,1,-117.3901487,35.8264117,2019-04-19,2,INaturalist
Bromus rubens,1,-116.4883717,33.21107833,2019-04-23,5,INaturalist
Bromus rubens,1,-117.2699431,33.54158933,2019-04-24,64,INaturalist
Bromus rubens,1,-117.5233028,34.16534167,2019-04-25,32,INaturalist
Bromus rubens,1,-118.4089326,34.12320897,2019-04-25,10,INaturalist
Bromus rubens,1,-118.7241119,34.1279465,2019-04-26,6,INaturalist
Bromus rubens,1,-118.4445776,32.88097421,2019-04-26,5,INaturalist
Bromus rubens,1,-116.8528498,33.09075545,2019-04-26,9,INaturalist
Bromus rubens,1,-117.0003202,32.64783489,2019-04-26,6,INaturalist
Bromus rubens,1,-117.1581497,33.00577853,2019-04-26,5,INaturalist
Bromus rubens,1,-116.5045153,32.82280691,2019-04-26,5,INaturalist
Bromus rubens,1,-117.2504953,33.03078271,2019-04-26,5,INaturalist
Bromus rubens,1,-118.2800546,34.14801413,2019-04-26,10,INaturalist
Bromus rubens,1,-122.5045083,38.01169167,2019-04-26,6,INaturalist
Bromus rubens,1,-117.2198758,32.93122292,2019-04-26,132,INaturalist
Bromus rubens,1,-117.0195744,32.58856229,2019-04-26,63,INaturalist
Bromus rubens,1,-117.0587545,32.81782987,2019-04-27,6,INaturalist
Bromus rubens,1,-115.4207291,36.14679662,2019-04-27,5,INaturalist
Bromus rubens,1,-117.0000772,32.66337365,2019-04-27,44,INaturalist
Bromus rubens,1,-117.1880058,32.7853709,2019-04-27,50,INaturalist
Bromus rubens,1,-118.329133,33.34039397,2019-04-27,5,INaturalist
Bromus rubens,1,-117.0661686,33.05233847,2019-04-27,20,INaturalist
Bromus rubens,1,-117.1391373,33.03138051,2019-04-27,5,INaturalist
Bromus rubens,1,-117.0463848,32.86245681,2019-04-26,392,INaturalist
Bromus rubens,1,-117.2553003,32.96279334,2019-04-28,8,INaturalist
Bromus rubens,1,-117.2548012,32.95314022,2019-04-28,5,INaturalist
Bromus rubens,1,-117.6657375,33.74157891,2019-04-28,5,INaturalist
Bromus rubens,1,-116.8713384,32.73337279,2019-04-26,5,INaturalist
Bromus rubens,1,-117.1183363,33.03520974,2019-04-28,5,INaturalist
Bromus rubens,1,-117.0745612,32.82495989,2019-04-28,125,INaturalist
Bromus rubens,1,-116.3982251,33.03494181,2019-04-27,22,INaturalist
Bromus rubens,1,-117.202766,32.86248587,2019-04-28,10,INaturalist
Bromus rubens,1,-114.1664224,36.6972362,2019-04-28,5,INaturalist
Bromus rubens,1,-116.6972883,33.10268883,2019-04-28,5,INaturalist
Bromus rubens,1,-116.7666333,33.38339667,2019-04-28,5,INaturalist
Bromus rubens,1,-117.0476791,33.17940636,2019-04-28,469,INaturalist
Bromus rubens,1,-116.1650633,33.97683665,2019-04-27,41,INaturalist
Bromus rubens,1,-118.3860891,32.84406433,2019-04-29,5,INaturalist
Bromus rubens,1,-117.17927829999999,33.11981717,2019-04-29,30,INaturalist
Bromus rubens,1,-117.110175,32.97640333,2019-04-29,5,INaturalist
Bromus rubens,1,-117.5224182,33.395962,2019-04-29,48,INaturalist
Bromus rubens,1,-121.9142066,37.88098349,2019-04-28,15,INaturalist
Bromus rubens,1,-117.2437344,32.66911626,2019-04-27,8,INaturalist
Bromus rubens,1,-117.2486628,33.14881487,2019-04-28,5,INaturalist
Bromus rubens,1,-117.0446271,32.83042075,2019-04-29,31,INaturalist
Bromus rubens,1,-118.7069083,34.13471117,2019-04-27,8,INaturalist
Bromus rubens,1,-120.6967255,35.30066282,2019-05-01,45,INaturalist
Bromus rubens,1,-117.2731333,32.8264,2019-04-29,5,INaturalist
Bromus rubens,1,-118.4024602,33.74097016,2019-04-29,218,INaturalist
Bromus rubens,1,-117.4090426,33.67932417,2019-05-02,24,INaturalist
Bromus rubens,1,-118.0972055,34.175305,2019-04-25,5,INaturalist
Bromus rubens,1,-116.386928,34.0746718,2019-05-02,5,INaturalist
Bromus rubens,1,-121.91852,37.87055833,2019-05-02,5,INaturalist
Bromus rubens,1,-118.47353,33.3881485,2019-05-01,5,INaturalist
Bromus rubens,1,-118.4649967,32.85576667,2019-05-01,5,INaturalist
Bromus rubens,1,-122.2941467,37.4873,2019-04-26,10,INaturalist
Bromus rubens,1,-118.104569,34.19256779,2019-05-04,8,INaturalist
Bromus rubens,1,-117.1072425,32.6525223,2019-04-26,199,INaturalist
Bromus rubens,1,-119.7085625,34.45703351,2019-05-04,8,INaturalist
Bromus rubens,1,-116.7773883,34.37698333,2019-05-04,5,INaturalist
Bromus rubens,1,-121.1817938,36.48162964,2019-05-04,5,INaturalist
Bromus rubens,1,-116.4527829,33.22565352,2019-04-28,8,INaturalist
Bromus rubens,1,-116.4055834,33.25782508,2019-05-05,5,INaturalist
Bromus rubens,1,-121.1979235,36.48276262,2019-05-05,5,INaturalist
Bromus rubens,1,-112.503145,33.58436667,2019-05-04,5,INaturalist
Bromus rubens,1,-121.6722615,36.42782528,2019-05-06,5,INaturalist
Bromus rubens,1,-117.5284037,34.17323167,2019-05-06,5,INaturalist
Bromus rubens,1,-117.1799613,34.08525159,2019-05-06,4,INaturalist
Bromus rubens,1,-120.6761041,35.28041298,2019-05-07,5,INaturalist
Bromus rubens,1,-110.74402,32.34709167,2019-05-04,5,INaturalist
Bromus rubens,1,-118.185096,34.17961097,2019-05-08,5,INaturalist
Bromus rubens,1,-117.4180767,33.65984559,2019-05-08,5,INaturalist
Bromus rubens,1,-115.5856726,35.93986738,2019-05-10,4,INaturalist
Bromus rubens,1,-109.8069887,34.88771473,2019-05-08,263,INaturalist
Bromus rubens,1,-117.2289064,33.07235483,2019-05-03,22,INaturalist
Bromus rubens,1,-117.1385195,35.215775,2019-05-11,5,INaturalist
Bromus rubens,1,-118.4152592,33.40187056,2019-05-13,10,INaturalist
Bromus rubens,1,-117.191055,33.09232217,2019-05-12,16,INaturalist
Bromus rubens,1,-117.1187891,33.10151985,2019-05-13,5,INaturalist
Bromus rubens,1,-118.2234583,36.66425333,2019-05-13,5,INaturalist
Bromus rubens,1,-122.0752746,37.38824546,2019-05-13,65,INaturalist
Bromus rubens,1,-111.0750667,32.32631333,2019-05-13,4,INaturalist
Bromus rubens,1,-111.3325583,35.52891167,2019-05-15,5,INaturalist
Bromus rubens,1,-117.1057097,33.36549366,2019-05-14,4,INaturalist
Bromus rubens,1,-117.4074906,33.69803618,2019-05-16,10,INaturalist
Bromus rubens,1,-117.8568938,33.58412874,2019-05-17,22,INaturalist
Bromus rubens,1,-111.7565,34.79933667,2019-05-19,10,INaturalist
Bromus rubens,1,-116.2075256,34.04271572,2019-05-15,244,INaturalist
Bromus rubens,1,-110.9634308,37.31992762,2019-05-18,50,INaturalist
Bromus rubens,1,-110.1956404,34.93354644,2019-05-22,8,INaturalist
Bromus rubens,1,-118.5110383,33.45132,2019-05-23,5,INaturalist
Bromus rubens,1,-111.8260594,33.72675241,2019-05-26,5,INaturalist
Bromus rubens,1,-111.4562338,34.3185835,2019-05-25,526,INaturalist
Bromus rubens,1,-120.6623546,35.29886968,2019-05-27,22,INaturalist
Bromus rubens,1,-112.5217357,34.79320562,2019-05-18,6,INaturalist
Bromus rubens,1,-110.7350075,32.61105568,2019-05-28,10,INaturalist
Bromus rubens,1,-117.07225,32.7785985,2019-05-29,2,INaturalist
Bromus rubens,1,-118.7953867,34.21045,2019-05-26,50,INaturalist
Bromus rubens,1,-112.1120885,34.30850849,2019-05-30,8,INaturalist
Bromus rubens,1,-115.10674,35.35999,2019-05-25,10,INaturalist
Bromus rubens,1,-115.15111,35.36835,2019-05-25,10,INaturalist
Bromus rubens,1,-110.2974617,31.4745,2019-06-05,6,INaturalist
Bromus rubens,1,-116.979821,32.72721117,2019-06-20,30,INaturalist
Bromus rubens,1,-115.392455,36.13958333,2019-06-20,5,INaturalist
Bromus rubens,1,-114.9393833,36.325375,2019-06-21,5,INaturalist
Bromus rubens,1,-109.8016283,35.081425,2019-06-24,5,INaturalist
Bromus rubens,1,-112.0576622,33.34465313,2019-06-25,33,INaturalist
Bromus rubens,1,-111.65548,35.195995,2019-06-25,5,INaturalist
Bromus rubens,1,-113.4692617,35.52350333,2019-06-23,16,INaturalist
Bromus rubens,1,-114.4787967,35.70572,2019-06-23,4,INaturalist
Bromus rubens,1,-116.1479643,33.98348,2019-04-19,8,INaturalist
Bromus rubens,1,-116.9432833,32.74853,2019-06-29,16,INaturalist
Bromus rubens,1,-117.8904221,33.65214615,2019-07-05,5,INaturalist
Bromus rubens,1,-112.6083617,34.61343833,2019-07-26,5,INaturalist
Bromus rubens,1,-117.3257368,33.14638999,2019-08-02,4,INaturalist
Bromus rubens,1,-111.7421299,34.68977585,2019-08-13,4,INaturalist
Bromus rubens,1,-119.1895946,34.54509123,2018-06-12,469,INaturalist
Bromus rubens,1,-114.2906997,36.95431894,2019-09-29,5,INaturalist
Bromus rubens,1,-114.2571279,37.06473123,2019-09-29,5,INaturalist
Bromus rubens,1,-117.6366583,33.70900333,2019-09-27,280,INaturalist
Bromus rubens,1,-117.1405557,32.9221343,2019-10-24,10,INaturalist
Bromus rubens,1,-110.2394167,32.34954167,2019-04-20,5,INaturalist
Bromus rubens,1,-109.7871439,34.86336765,2019-10-26,5,INaturalist
Bromus rubens,1,-117.0175172,36.90446405,2019-11-12,5,INaturalist
Bromus rubens,1,-116.9256995,36.96973259,2019-11-12,5,INaturalist
Bromus rubens,1,-114.546959,36.41732402,2020-01-08,6,INaturalist
Bromus rubens,1,-111.8225073,33.62797302,2020-02-16,31,INaturalist
Bromus rubens,1,-111.4546359,33.53481984,2020-02-15,9,INaturalist
Bromus rubens,1,-111.4583849,33.50761452,2020-02-15,10,INaturalist
Bromus rubens,1,-111.9037656,33.7727571,2020-02-18,195,INaturalist
Bromus rubens,1,-117.1708537,33.0181109,2020-02-20,2,INaturalist
Bromus rubens,1,-111.5123533,33.56361667,2020-02-16,10,INaturalist
Bromus rubens,1,-116.0755107,33.92922165,2020-02-21,9,INaturalist
Bromus rubens,1,-112.8178079,33.90941278,2020-02-25,4,INaturalist
Bromus rubens,1,-111.9153016,33.74480846,2020-03-01,5,INaturalist
Bromus rubens,1,-112.1712117,33.98728833,2020-02-25,5,INaturalist
Bromus rubens,1,-111.3006127,33.25741751,2020-03-05,4,INaturalist
Bromus rubens,1,-119.0304722,34.0866305,2020-03-07,5,INaturalist
Bromus rubens,1,-111.80932,33.67999667,2020-03-09,5,INaturalist
Bromus rubens,1,-112.8337428,33.66794899,2020-03-09,4,INaturalist
Bromus rubens,1,-112.7183452,33.96164298,2020-03-10,4,INaturalist
Bromus rubens,1,-116.359925,33.701675,2020-03-11,4,INaturalist
Bromus rubens,1,-112.1348354,34.18585882,2020-03-09,8,INaturalist
Bromus rubens,1,-112.0971534,33.56834565,2020-03-10,521,INaturalist
Bromus rubens,1,-116.4256337,33.27664261,2020-03-13,7,INaturalist
Bromus rubens,1,-110.6845556,32.21099722,2020-03-13,5,INaturalist
Bromus rubens,1,-112.0680701,33.58078082,2020-03-14,10,INaturalist
Bromus rubens,1,-116.4892122,33.79148981,2020-03-14,9,INaturalist
Bromus rubens,1,-116.433164,33.24036936,2020-03-14,61,INaturalist
Bromus rubens,1,-116.319725,33.64971167,2020-03-19,5,INaturalist
Bromus rubens,1,-111.8517089,33.65205558,2020-03-20,10,INaturalist
Bromus rubens,1,-116.3977577,33.79975942,2020-03-20,9,INaturalist
Bromus rubens,1,-111.705841,33.45062831,2020-03-21,4,INaturalist
Bromus rubens,1,-112.7940721,33.92115417,2020-03-21,7,INaturalist
Bromus rubens,1,-111.7240133,32.87695333,2020-03-21,4,INaturalist
Bromus rubens,1,-116.4428553,33.00184654,2020-03-21,5,INaturalist
Bromus rubens,1,-116.9936657,32.72345785,2020-03-21,395,INaturalist
Bromus rubens,1,-118.1463695,34.21333333,2020-03-21,7,INaturalist
Bromus rubens,1,-117.644927,33.48355176,2020-03-21,48,INaturalist
Bromus rubens,1,-111.9913248,33.42661545,2020-03-24,5,INaturalist
Bromus rubens,1,-118.5965583,33.02316389,2020-02-20,5,INaturalist
Bromus rubens,1,-115.1160969,37.28328603,2020-03-16,6,INaturalist
Bromus rubens,1,-111.6164803,33.50091367,2020-03-28,16,INaturalist
Bromus rubens,1,-120.7155291,35.17678566,2020-03-28,5,INaturalist
Bromus rubens,1,-118.9435439,34.17273361,2020-03-28,5,INaturalist
Bromus rubens,1,-112.4794383,33.55011333,2020-03-28,10,INaturalist
Bromus rubens,1,-111.9808316,33.79106134,2020-03-28,17,INaturalist
Bromus rubens,1,-116.2480917,33.59768333,2020-03-28,10,INaturalist
Bromus rubens,1,-112.545651,33.72311055,2020-03-29,5,INaturalist
Bromus rubens,1,-112.1354323,33.84616931,2020-03-29,2,INaturalist
Bromus rubens,1,-111.424125,33.397,2020-03-29,5,INaturalist
Bromus rubens,1,-113.2296331,34.00127377,2020-03-30,4,INaturalist
Bromus rubens,1,-113.3448108,34.07036633,2020-03-30,4,INaturalist
Bromus rubens,1,-111.380027,33.53178277,2020-03-30,126,INaturalist
Bromus rubens,1,-111.8585892,33.62366579,2020-03-30,38,INaturalist
Bromus rubens,1,-116.9091253,32.77374907,2020-03-30,4,INaturalist
Bromus rubens,1,-116.0382367,34.06738127,2020-03-29,5,INaturalist
Bromus rubens,1,-112.0073778,33.56274667,2020-03-29,8,INaturalist
Bromus rubens,1,-113.5624422,33.79045433,2020-03-31,5,INaturalist
Bromus rubens,1,-113.7982881,36.95489111,2020-03-31,263,INaturalist
Bromus rubens,1,-110.9562528,32.378822220000004,2020-03-31,6,INaturalist
Bromus rubens,1,-116.1199093,33.9996817,2020-03-30,106,INaturalist
Bromus rubens,1,-114.975065,36.08865703,2020-03-31,6,INaturalist
Bromus rubens,1,-117.5828767,33.65778767,2020-03-21,357,INaturalist
Bromus rubens,1,-111.8142287,33.56886762,2020-04-03,5,INaturalist
Bromus rubens,1,-110.7171333,32.3119,2020-04-04,6,INaturalist
Bromus rubens,1,-119.1603916,34.57090323,2020-04-03,2,INaturalist
Bromus rubens,1,-117.6705867,34.13424717,2020-04-05,6,INaturalist
Bromus rubens,1,-110.7177888,37.47347943,2020-04-05,5,INaturalist
Bromus rubens,1,-120.2789778,35.40144444,2020-04-03,12,INaturalist
Bromus rubens,1,-122.61074670000001,37.879925,2020-04-03,5,INaturalist
Bromus rubens,1,-112.8198347,33.88338403,2020-04-06,4,INaturalist
Bromus rubens,1,-112.9323335,33.68759598,2020-04-07,20,INaturalist
Bromus rubens,1,-112.9476621,33.68423741,2020-04-07,4,INaturalist
Bromus rubens,1,-117.3193313,33.99047894,2020-04-08,5,INaturalist
Bromus rubens,1,-111.2362045,33.76350732,2020-04-09,12,INaturalist
Bromus rubens,1,-112.0992889,34.235925,2020-04-04,94,INaturalist
Bromus rubens,1,-114.7987332,36.01018639,2020-04-10,5,INaturalist
Bromus rubens,1,-120.996697,35.47546445,2020-04-10,228,INaturalist
Bromus rubens,1,-109.4954366,32.23301915,2020-04-11,3,INaturalist
Bromus rubens,1,-117.7971417,34.080925,2020-04-11,8,INaturalist
Bromus rubens,1,-111.5820617,33.49007833,2020-04-12,6,INaturalist
Bromus rubens,1,-110.9953889,32.38304167,2020-04-12,4,INaturalist
Bromus rubens,1,-110.719025,32.1479555,2020-04-12,12,INaturalist
Bromus rubens,1,-117.1937059,32.84712659,2020-04-11,4,INaturalist
Bromus rubens,1,-116.9421845,32.7308438,2020-04-11,215,INaturalist
Bromus rubens,1,-117.82399530000001,33.74198569,2020-04-13,7,INaturalist
Bromus rubens,1,-116.4461967,33.57361667,2020-04-14,5,INaturalist
Bromus rubens,1,-112.9691629,33.7824601,2020-04-14,4,INaturalist
Bromus rubens,1,-112.038743,33.3430879,2020-04-14,2,INaturalist
Bromus rubens,1,-116.0742722,34.11801667,2020-04-15,5,INaturalist
Bromus rubens,1,-114.6266186,36.42911031,2020-04-17,5,INaturalist
Bromus rubens,1,-115.3037571,36.00197213,2020-04-17,21,INaturalist
Bromus rubens,1,-120.8703543,35.30234415,2020-04-17,93,INaturalist
Bromus rubens,1,-116.5508168,34.16284293,2020-04-17,5,INaturalist
Bromus rubens,1,-117.01825,32.92886667,2020-04-17,5,INaturalist
Bromus rubens,1,-116.4176238,33.12619132,2020-04-18,122,INaturalist
Bromus rubens,1,-121.91358,37.90022,2020-04-18,64,INaturalist
Bromus rubens,1,-111.42795219999999,33.48028521,2019-03-31,5,INaturalist
Bromus rubens,1,-116.8243906,32.67211772,2020-04-17,266,INaturalist
Bromus rubens,1,-118.2988551,34.52503903,2020-04-20,176,INaturalist
Bromus rubens,1,-113.913416,36.9242682,2020-04-20,3,INaturalist
Bromus rubens,1,-115.4053415,36.05180912,2020-04-21,5,INaturalist
Bromus rubens,1,-112.6283182,34.03271165,2020-04-21,4,INaturalist
Bromus rubens,1,-118.9624734,34.14906539,2020-04-22,6,INaturalist
Bromus rubens,1,-111.9617615,33.67471259,2020-04-23,8,INaturalist
Bromus rubens,1,-115.3198382,36.24021544,2020-04-22,263,INaturalist
Bromus rubens,1,-116.6819359,33.88002054,2020-04-24,5,INaturalist
Bromus rubens,1,-116.0160583,34.02108898,2020-04-23,5,INaturalist
Bromus rubens,1,-117.4535634,33.30511031,2020-04-24,6,INaturalist
Bromus rubens,1,-118.2936732,34.24904703,2020-04-24,5,INaturalist
Bromus rubens,1,-118.7501243,34.25364078,2020-04-24,4,INaturalist
Bromus rubens,1,-117.0891493,32.89739734,2020-04-24,5,INaturalist
Bromus rubens,1,-117.755065,33.52728015,2020-04-24,18,INaturalist
Bromus rubens,1,-118.0132699,34.1006236,2020-04-24,223,INaturalist
Bromus rubens,1,-117.5870883,33.488125,2020-04-24,5,INaturalist
Bromus rubens,1,-116.8486639,33.13998889,2020-04-24,6,INaturalist
Bromus rubens,1,-117.8207608,33.90130509,2020-04-25,5,INaturalist
Bromus rubens,1,-117.1344377,32.97178381,2020-04-25,9,INaturalist
Bromus rubens,1,-116.9349986,33.22404917,2020-04-24,9,INaturalist
Bromus rubens,1,-117.83577,33.91303667,2020-04-26,10,INaturalist
Bromus rubens,1,-117.2425414,32.73384721,2020-04-26,15,INaturalist
Bromus rubens,1,-116.9818883,32.9399384,2020-04-26,3,INaturalist
Bromus rubens,1,-117.7118198,34.1091861,2020-04-26,261,INaturalist
Bromus rubens,1,-117.246285,32.69809646,2020-04-24,2,INaturalist
Bromus rubens,1,-117.2148441,32.94402183,2020-04-27,20,INaturalist
Bromus rubens,1,-116.9443275,32.63935652,2020-04-27,24,INaturalist
Bromus rubens,1,-116.403655,34.07752217,2020-04-26,10,INaturalist
Bromus rubens,1,-117.1241963,32.76908351,2020-04-27,65,INaturalist
Bromus rubens,1,-117.558815,33.65738,2020-04-27,15,INaturalist
Bromus rubens,1,-116.4498871,33.01412347,2020-04-24,2,INaturalist
Bromus rubens,1,-116.1662973,33.68575449,2020-04-30,3,INaturalist
Bromus rubens,1,-110.6423904,35.08549722,2020-04-30,5,INaturalist
Bromus rubens,1,-112.8775871,34.24418235,2020-04-30,9,INaturalist
Bromus rubens,1,-112.9287301,34.26838844,2020-04-30,4,INaturalist
Bromus rubens,1,-118.2045604,33.80351557,2020-04-26,43,INaturalist
Bromus rubens,1,-111.1181866,33.66333029,2020-05-01,7,INaturalist
Bromus rubens,1,-120.5365291,35.43294007,2020-04-30,1,INaturalist
Bromus rubens,1,-115.2173947,36.09049869,2020-05-01,5,INaturalist
Bromus rubens,1,-120.6581888,35.15149947,2020-05-02,6,INaturalist
Bromus rubens,1,-111.5907147,33.18146896,2020-05-02,11,INaturalist
Bromus rubens,1,-118.8839869,34.18539712,2020-05-02,10,INaturalist
Bromus rubens,1,-112.1154556,34.53189167,2020-05-02,12,INaturalist
Bromus rubens,1,-118.5641453,34.40234199,2020-05-05,63,INaturalist
Bromus rubens,1,-111.3651117,35.51918833,2020-05-07,5,INaturalist
Bromus rubens,1,-118.9965994,34.36588164,2020-05-08,6,INaturalist
Bromus rubens,1,-119.6397982,34.47308364,2020-05-13,6,INaturalist
Bromus rubens,1,-122.3684617,38.846395,2020-05-13,7,INaturalist
Bromus rubens,1,-119.1458362,34.41833,2020-05-15,26,INaturalist
Bromus rubens,1,-120.8681073,35.24858932,2020-05-17,61,INaturalist
Bromus rubens,1,-122.4765841,37.63808644,2020-05-21,48,INaturalist
Bromus rubens,1,-111.4073333,35.01756667,2020-05-21,5,INaturalist
Bromus rubens,1,-122.503455,37.85987167,2020-05-21,5,INaturalist
Bromus rubens,1,-118.1206111,34.20400577,2020-05-22,6,INaturalist
Bromus rubens,1,-118.5127975,34.05840169,2020-05-23,455,INaturalist
Bromus rubens,1,-118.7596324,34.45947892,2020-05-03,15,INaturalist
Bromus rubens,1,-115.8215297,33.75480861,2020-05-29,4,INaturalist
Bromus rubens,1,-111.7313879,35.00130432,2020-05-31,5,INaturalist
Bromus rubens,1,-110.7361833,32.66793,2020-05-31,5,INaturalist
Bromus rubens,1,-111.4648867,33.45571832,2016-03-13,1,INaturalist
Bromus rubens,1,-116.9699198,32.96630382,2020-06-12,2,INaturalist
Bromus rubens,1,-115.5245533,36.0432445,2020-06-13,5,INaturalist
Bromus rubens,1,-119.6287133,34.45471375,2020-06-14,24,INaturalist
Bromus rubens,1,-117.78048,33.55775,2020-06-16,4,INaturalist
Bromus rubens,1,-115.17402,35.56839667,2020-06-16,43,INaturalist
Bromus rubens,1,-112.1970667,34.64001111,2020-05-15,4,INaturalist
Bromus rubens,1,-115.5530167,37.39111667,2020-06-27,5,INaturalist
Bromus rubens,1,-117.9674694,37.41671389,2020-06-26,4,INaturalist
Bromus rubens,1,-115.263894,37.38656791,2020-07-17,16,INaturalist
Bromus rubens,1,-116.4767865,32.63128784,2020-08-13,5,INaturalist
Bromus rubens,1,-112.9459089,37.22548907,2020-06-17,118,INaturalist
Bromus rubens,1,-117.0454472,36.35920278,2020-08-30,11,INaturalist
Bromus rubens,1,-118.6859039,34.10710339,2020-09-01,5,INaturalist
Bromus rubens,1,-117.0346202,33.20721701,2020-09-14,2,INaturalist
Bromus rubens,1,-115.5287943,35.46535517,2020-09-15,36,INaturalist
Bromus rubens,1,-115.6377732,35.40744626,2020-09-16,11,INaturalist
Bromus rubens,1,-116.1981026,32.62676567,2020-09-19,5,INaturalist
Bromus rubens,1,-115.038265,37.204661,2020-09-21,3,INaturalist
Bromus rubens,1,-115.12677,37.34068,2020-09-21,3,INaturalist
Bromus rubens,1,-114.1426142,36.52269074,2020-09-27,10,INaturalist
Bromus rubens,1,-114.068996,36.532815,2020-09-27,3,INaturalist
Bromus rubens,1,-114.214018,36.292146,2020-09-27,3,INaturalist
Bromus rubens,1,-118.1174167,36.6188,2020-10-10,6,INaturalist
Bromus rubens,1,-111.5210103,36.8784195,2020-10-16,100,INaturalist
Bromus rubens,1,-115.4295625,36.05705713,2020-10-16,68,INaturalist
Bromus rubens,1,-116.2121883,34.06416383,2020-10-16,5,INaturalist
Bromus rubens,1,-114.6329912,35.99893133,2020-10-26,10,INaturalist
Bromus rubens,1,-116.9112238,32.84044619,2020-10-30,2,INaturalist
Bromus rubens,1,-111.7822717,34.84962833,2020-11-01,5,INaturalist
Bromus rubens,1,-117.7460167,36.48495833,2020-11-02,30,INaturalist
Bromus rubens,1,-115.79277,33.729705,2020-11-12,5,INaturalist
Bromus rubens,1,-115.45288,34.0944945,2020-11-21,5,INaturalist
Bromus rubens,1,-115.3722133,34.050975,2020-11-29,10,INaturalist
Bromus rubens,1,-113.459226,34.47380887,2020-11-30,4,INaturalist
Bromus rubens,1,-116.3636055,32.96941532,2020-12-17,161,INaturalist
Bromus rubens,1,-116.3400724,33.0507221,2020-12-21,4,INaturalist
Bromus rubens,1,-114.6070484,36.41464855,2020-12-24,5,INaturalist
Bromus rubens,1,-118.5250324,34.24493727,2021-01-17,195,INaturalist
Bromus rubens,1,-114.355134,37.083868,2021-01-14,3,INaturalist
Bromus rubens,1,-114.368086,37.098176,2021-01-14,3,INaturalist
Bromus rubens,1,-114.321969,37.196092,2021-01-14,3,INaturalist
Bromus rubens,1,-114.317121,37.215181,2021-01-14,3,INaturalist
Bromus rubens,1,-115.7482617,33.70733333,2021-01-23,200,INaturalist
Bromus rubens,1,-115.925195,33.74039167,2021-01-31,5,INaturalist
Bromus rubens,1,-115.17167,35.93144167,2021-02-05,4,INaturalist
Bromus rubens,1,-112.7953245,33.87804491,2021-02-09,4,INaturalist
Bromus rubens,1,-112.0666854,33.63689548,2021-02-10,4,INaturalist
Bromus rubens,1,-115.4498988,36.16606267,2015-03-30,46,INaturalist
Bromus rubens,1,-114.9140167,35.55609167,2021-02-07,4,INaturalist
Bromus rubens,1,-114.917495,35.97364667,2021-02-06,4,INaturalist
Bromus rubens,1,-110.9102033,32.42942,2021-02-15,5,INaturalist
Bromus rubens,1,-111.4118054,33.39279786,2021-01-31,31,INaturalist
Bromus rubens,1,-112.6778017,33.91508422,2021-02-20,4,INaturalist
Bromus rubens,1,-117.0283667,32.632145,2021-02-21,34,INaturalist
Bromus rubens,1,-116.4267367,33.41017833,2021-02-21,8,INaturalist
Bromus rubens,1,-117.1332544,32.78775194,2021-02-26,10,INaturalist
Bromus rubens,1,-116.1722766,33.95076195,2016-05-04,122,INaturalist
Bromus rubens,1,-121.19998,36.34187,2021-03-04,5,INaturalist
Bromus rubens,1,-112.5194311,33.57076235,2021-03-15,5,INaturalist
Bromus rubens,1,-112.0426778,33.71043833,2021-03-18,4,INaturalist
Bromus rubens,1,-110.6529167,32.26348056,2021-03-21,4,INaturalist
Bromus rubens,1,-111.3145083,33.53393373,2021-03-22,611,INaturalist
Bromus rubens,1,-117.5456083,33.56240833,2021-03-24,9,INaturalist
Bromus rubens,1,-112.0722667,33.42395992,2021-03-26,8,INaturalist
Bromus rubens,1,-116.973758,33.122016,2021-03-27,228,INaturalist
Bromus rubens,1,-113.6118383,34.70383,2021-03-25,4,INaturalist
Bromus rubens,1,-112.7005665,32.01493443,2021-03-28,30,INaturalist
Bromus rubens,1,-112.0661113,34.25678418,2021-03-29,4,INaturalist
Bromus rubens,1,-116.5935367,33.99669667,2021-03-31,12,INaturalist
Bromus rubens,1,-117.2443207,33.16182006,2021-04-01,9,INaturalist
Bromus rubens,1,-117.9390861,34.13847237,2021-04-01,125,INaturalist
Bromus rubens,1,-116.2193,33.48984444,2021-04-01,5,INaturalist
Bromus rubens,1,-117.1956334,32.86710292,2021-04-03,5,INaturalist
Bromus rubens,1,-119.5950602,35.05743825,2021-04-01,61,INaturalist
Bromus rubens,1,-111.7054648,34.54000844,2021-04-06,4,INaturalist
Bromus rubens,1,-116.8166204,32.70256465,2021-04-07,6,INaturalist
Bromus rubens,1,-111.8147591,33.88955989,2021-04-08,3,INaturalist
Bromus rubens,1,-117.0182487,32.98627275,2021-04-06,2,INaturalist
Bromus rubens,1,-117.6270095,33.7527477,2021-04-08,4,INaturalist
Bromus rubens,1,-117.7866606,33.84464531,2021-04-09,171,INaturalist
Bromus rubens,1,-117.6580722,33.69940278,2021-04-10,4,INaturalist
Bromus rubens,1,-119.5936772,34.45845428,2021-04-10,76,INaturalist
Bromus rubens,1,-121.4294953,36.24830008,2021-04-10,3,INaturalist
Bromus rubens,1,-117.6768506,33.75318298,2021-04-11,4,INaturalist
Bromus rubens,1,-116.3577063,33.01900263,2021-04-13,4,INaturalist
Bromus rubens,1,-119.6704601,34.44674624,2021-04-12,14,INaturalist
Bromus rubens,1,-110.642525,32.22615,2021-04-14,5,INaturalist
Bromus rubens,1,-117.2449117,32.86946167,2021-04-14,4,INaturalist
Bromus rubens,1,-118.1924217,34.66578333,2021-04-17,4,INaturalist
Bromus rubens,1,-119.6938028,34.47161668,2021-04-17,8,INaturalist
Bromus rubens,1,-116.671325,34.01050555,2021-04-07,4,INaturalist
Bromus rubens,1,-118.441155,32.86998,2021-04-18,4,INaturalist
Bromus rubens,1,-110.8548696,32.32198173,2021-04-19,65,INaturalist
Bromus rubens,1,-117.6024083,33.64862833,2021-04-19,4,INaturalist
Bromus rubens,1,-111.9888891,33.37308059,2021-04-18,224,INaturalist
Bromus rubens,1,-117.58667,36.69682,2021-04-19,5,INaturalist
Bromus rubens,1,-111.5163749,33.73111039,2021-04-19,8,INaturalist
Bromus rubens,1,-111.4835442,33.90832554,2021-04-19,4,INaturalist
Bromus rubens,1,-111.8666305,33.97097852,2021-04-17,76,INaturalist
Bromus rubens,1,-117.75035,33.79950333,2021-04-21,43,INaturalist
Bromus rubens,1,-117.736735,33.54219421,2021-04-21,31,INaturalist
Bromus rubens,1,-117.7526962,33.85427742,2021-04-22,4,INaturalist
Bromus rubens,1,-110.937295,33.598125,2021-04-22,6,INaturalist
Bromus rubens,1,-117.8420425,33.5760834,2021-04-17,195,INaturalist
Bromus rubens,1,-117.8258018,33.63806941,2021-04-23,5,INaturalist
Bromus rubens,1,-116.3023143,32.94283207,2021-04-23,5,INaturalist
Bromus rubens,1,-111.9002266,34.74722729,2021-04-23,5,INaturalist
Bromus rubens,1,-118.175125,34.699345,2021-04-22,3,INaturalist
Bromus rubens,1,-111.795344,33.78443917,2021-04-24,3,INaturalist
Bromus rubens,1,-122.6895776,38.57110492,2021-04-24,7,INaturalist
Bromus rubens,1,-122.5086679,38.4564788,2021-04-20,47,INaturalist
Bromus rubens,1,-109.3670417,32.845395,2021-04-22,4,INaturalist
Bromus rubens,1,-120.4370084,34.7107493,2021-04-26,4,INaturalist
Bromus rubens,1,-118.22232,34.10172783,2021-04-26,4,INaturalist
Bromus rubens,1,-114.445422,36.836271000000004,2021-04-15,3,INaturalist
Bromus rubens,1,-111.8063727,34.80582048,2021-04-28,5,INaturalist
Bromus rubens,1,-112.0586594,34.68440326,2021-04-29,8,INaturalist
Bromus rubens,1,-121.4769864,37.02217291,2021-04-24,518,INaturalist
Bromus rubens,1,-116.852661,33.88314041,2021-04-30,5,INaturalist
Bromus rubens,1,-111.9986931,33.55273245,2021-04-30,5,INaturalist
Bromus rubens,1,-110.2275454,32.51086372,2021-04-30,8,INaturalist
Bromus rubens,1,-117.2074924,32.83617827,2021-04-30,7,INaturalist
Bromus rubens,1,-117.1533354,32.96533893,2021-04-30,21,INaturalist
Bromus rubens,1,-117.6531367,33.64708333,2021-04-30,6,INaturalist
Bromus rubens,1,-117.2758717,33.17347167,2021-04-30,5,INaturalist
Bromus rubens,1,-116.6528305,33.98324552,2021-05-01,5,INaturalist
Bromus rubens,1,-116.652101,33.973836,2021-05-01,5,INaturalist
Bromus rubens,1,-112.0007703,33.5431749,2021-05-01,6,INaturalist
Bromus rubens,1,-122.5989328,38.53153596,2021-05-01,5,INaturalist
Bromus rubens,1,-117.7677536,33.6513696,2021-05-01,13,INaturalist
Bromus rubens,1,-118.7985167,34.39481333,2021-05-01,200,INaturalist
Bromus rubens,1,-116.799194,32.74583467,2021-05-02,5,INaturalist
Bromus rubens,1,-117.305145,33.98493667,2021-05-02,5,INaturalist
Bromus rubens,1,-111.3108825,34.24155862,2021-05-02,8,INaturalist
Bromus rubens,1,-117.267265,33.00447577,2021-05-02,5,INaturalist
Bromus rubens,1,-117.6755995,34.21159239,2021-04-25,22,INaturalist
Bromus rubens,1,-122.5145417,37.993475,2021-05-01,5,INaturalist
Bromus rubens,1,-117.219825,33.08481667,2021-05-02,3,INaturalist
Bromus rubens,1,-121.4874877,37.4043521,2021-05-03,6,INaturalist
Bromus rubens,1,-111.7321272,33.43723168,2021-05-03,165,INaturalist
Bromus rubens,1,-117.8495028,33.60633889,2021-05-02,4,INaturalist
Bromus rubens,1,-110.9180278,32.3644823,2021-05-02,196,INaturalist
Bromus rubens,1,-119.4366538,37.17906429,2021-05-05,8,INaturalist
Bromus rubens,1,-114.8499985,39.20000076,2021-05-05,90,INaturalist
Bromus rubens,1,-116.6229199,32.82815391,2021-05-01,15,INaturalist
Bromus rubens,1,-120.8485944,36.35454444,2021-05-02,4,INaturalist
Bromus rubens,1,-118.9346894,34.04539757,2021-05-03,5,INaturalist
Bromus rubens,1,-117.860275,33.64006167,2021-05-03,5,INaturalist
Bromus rubens,1,-121.6700618,37.37614634,2021-05-07,5,INaturalist
Bromus rubens,1,-122.5625,38.48618333,2021-05-01,10,INaturalist
Bromus rubens,1,-121.6695485,36.57290807,2021-05-08,4,INaturalist
Bromus rubens,1,-118.3218084,34.48847658,2021-05-02,22,INaturalist
Bromus rubens,1,-117.3808213,33.87761857,2021-05-12,85,INaturalist
Bromus rubens,1,-121.6866739,36.57160061,2021-05-13,5,INaturalist
Bromus rubens,1,-117.0598327,34.0434222,2021-05-14,125,INaturalist
Bromus rubens,1,-117.8105798,33.65680507,2021-05-14,168,INaturalist
Bromus rubens,1,-117.1076972,32.55087,2021-05-15,20,INaturalist
Bromus rubens,1,-117.3249667,34.18676667,2021-05-14,4,INaturalist
Bromus rubens,1,-117.7015935,33.75760374,2021-05-16,4,INaturalist
Bromus rubens,1,-119.4201583,37.19661667,2021-05-17,5,INaturalist
Bromus rubens,1,-118.047472,33.69607591,2021-05-18,174,INaturalist
Bromus rubens,1,-117.6131468,33.79556481,2021-05-18,6,INaturalist
Bromus rubens,1,-119.2410562,34.18528634,2021-05-20,65,INaturalist
Bromus rubens,1,-118.30787,34.21348833,2021-05-20,8,INaturalist
Bromus rubens,1,-118.5599836,35.225048,2021-05-23,104,INaturalist
Bromus rubens,1,-111.6225898,33.88098496,2021-05-23,5,INaturalist
Bromus rubens,1,-122.1536364,37.41546177,2021-05-20,9,INaturalist
Bromus rubens,1,-117.7601417,33.681305,2021-05-25,10,INaturalist
Bromus rubens,1,-117.0887612,32.632605,2021-05-11,8,INaturalist
Bromus rubens,1,-121.0235972,35.509025,2021-05-31,4,INaturalist
Bromus rubens,1,-122.2684534,37.4012985,2021-05-31,6,INaturalist
Bromus rubens,1,-122.2798833,37.46495,2021-06-02,6,INaturalist
Bromus rubens,1,-117.005466,34.09007321,2021-06-06,7,INaturalist
Bromus rubens,1,-117.1327528,32.80228,2021-04-15,5,INaturalist
Bromus rubens,1,-118.4334338,34.10578544,2021-06-27,4,INaturalist
Bromus rubens,1,-114.848311,35.744234,2021-06-28,3,INaturalist
Bromus rubens,1,-117.6503766,33.69262546,2021-07-30,8,INaturalist
Bromus rubens,1,-118.0875083,33.73649592,2021-08-08,5,INaturalist
Bromus rubens,1,-119.2257383,34.28683833,2021-10-07,22,INaturalist
Bromus rubens,1,-115.444825,35.84615833,2021-10-07,4,INaturalist
Bromus rubens,1,-114.7713535,35.65927839,2021-10-27,5,INaturalist
Bromus rubens,1,-118.8090133,34.233545,2021-10-19,5,INaturalist
Bromus rubens,1,-119.3466033,34.87949667,2021-11-22,4,INaturalist
Bromus rubens,1,-114.9607467,36.31558,2021-11-26,4,INaturalist
Bromus rubens,1,-116.6260217,34.01166112,2019-04-19,5,INaturalist
Bromus rubens,1,-111.5736762,33.54631999,2020-03-08,295,INaturalist
Bromus rubens,1,-112.1721752,34.21528674,2020-03-29,34,INaturalist
Bromus rubens,1,-111.4942732,33.79808526,2020-04-05,46,INaturalist
Bromus rubens,1,-116.7280876,36.2189396,2021-12-08,334,INaturalist
Bromus rubens,1,-116.4354383,33.319625,2022-01-12,7,INaturalist
Bromus rubens,1,-114.1987367,36.5937184,2022-01-17,4,INaturalist
Bromus rubens,1,-116.7161717,36.23800333,2022-01-20,4,INaturalist
Bromus rubens,1,-110.6946944,32.33398056,2022-01-16,4,INaturalist
Bromus rubens,1,-120.6944782,35.70705459,2022-01-26,9,INaturalist
Bromus rubens,1,-120.1283278,35.99461333,2022-02-01,26,INaturalist
Bromus rubens,1,-117.080375,32.71967833,2022-02-06,3,INaturalist
Bromus rubens,1,-112.0101167,33.57640833,2022-02-18,10,INaturalist
Bromus rubens,1,-117.2112117,32.91048,2022-02-20,4,INaturalist
Bromus rubens,1,-111.372828,33.9840852,2022-02-20,15,INaturalist
Bromus rubens,1,-110.978395,37.42547167,2021-05-01,8,INaturalist
Bromus rubens,1,-112.0318138,33.70936667,2022-02-22,8,INaturalist
Bromus rubens,1,-113.6449301,36.96908753,2022-02-25,42,INaturalist
Bromus rubens,1,-121.8499361,37.22873889,2022-02-25,5,INaturalist
Bromus rubens,1,-117.6027128,33.75922715,2022-02-25,4,INaturalist
Bromus rubens,1,-116.742705,33.41846167,2022-02-28,4,INaturalist
Bromus rubens,1,-116.7627649,33.40979274,2022-02-28,174,INaturalist
Bromus rubens,1,-116.6130667,34.00168888,2022-02-28,24,INaturalist
Bromus rubens,1,-117.6752346,33.87498576,2022-03-01,36,INaturalist
Bromus rubens,1,-117.2713917,33.01252778,2022-03-01,4,INaturalist
Bromus rubens,1,-120.8274105,36.91851104,2022-03-01,4,INaturalist
Bromus rubens,1,-121.9229077,37.84061947,2022-03-06,8,INaturalist
Bromus rubens,1,-119.1895572,34.97925772,2022-03-05,9,INaturalist
Bromus rubens,1,-116.0625222,33.9972,2022-03-07,5,INaturalist
Bromus rubens,1,-117.1388827,34.09555924,2022-03-09,71,INaturalist
Bromus rubens,1,-117.1416169,32.73332102,2022-03-09,4,INaturalist
Bromus rubens,1,-116.42475,33.37202,2022-03-09,6,INaturalist
Bromus rubens,1,-118.4644472,37.41240556,2022-03-11,4,INaturalist
Bromus rubens,1,-113.628005,37.091061,2022-03-12,75,INaturalist
Bromus rubens,1,-122.3414783,38.82537833,2022-03-12,3,INaturalist
Bromus rubens,1,-118.5671833,34.10595283,2022-03-13,4,INaturalist
Bromus rubens,1,-118.2427889,37.29095,2022-03-13,4,INaturalist
Bromus rubens,1,-113.9158448,36.9982694,2022-03-15,5,INaturalist
Bromus rubens,1,-116.4156144,33.36651573,2022-03-09,624,INaturalist
Bromus rubens,1,-117.2597717,32.93471167,2022-03-17,4,INaturalist
Bromus rubens,1,-110.683175,32.1327555,2022-03-17,20,INaturalist
Bromus rubens,1,-111.8230151,33.90280222,2022-03-05,5,INaturalist
Bromus rubens,1,-121.6723489,36.59717391,2022-03-18,4,INaturalist
Bromus rubens,1,-117.2083133,32.77001604,2022-03-18,225,INaturalist
Bromus rubens,1,-110.7242967,32.16398617,2022-03-19,7,INaturalist
Bromus rubens,1,-117.5550411,33.54154873,2022-03-20,4,INaturalist
Bromus rubens,1,-117.5638568,33.54979493,2022-03-20,2,INaturalist
Bromus rubens,1,-117.6219101,33.62171173,2022-03-21,59,INaturalist
Bromus rubens,1,-117.6278617,33.51634667,2022-03-22,4,INaturalist
Bromus rubens,1,-111.8767386,33.76456558,2022-03-23,8,INaturalist
Bromus rubens,1,-118.414505,33.37386111,2022-03-23,7,INaturalist
Bromus rubens,1,-109.5057399,32.23768246,2022-03-21,5,INaturalist
Bromus rubens,1,-119.2539583,34.46508833,2022-03-24,7,INaturalist
Bromus rubens,1,-118.4798615,33.44523572,2022-03-25,4,INaturalist
Bromus rubens,1,-109.6432417,37.29445333,2022-03-26,4,INaturalist
Bromus rubens,1,-117.6204071,33.63001708,2022-03-27,5,INaturalist
Bromus rubens,1,-119.3001361,34.43211234,2022-03-27,8,INaturalist
Bromus rubens,1,-121.6916717,36.59951333,2022-03-27,4,INaturalist
Bromus rubens,1,-113.256355,37.19868833,2022-03-28,11,INaturalist
Bromus rubens,1,-119.989139,36.02912253,2022-03-29,6,INaturalist
Bromus rubens,1,-117.2312967,33.82785577,2022-03-29,23,INaturalist
Bromus rubens,1,-115.4322701,36.01232541,2022-03-30,4,INaturalist
Bromus rubens,1,-112.3322373,34.64917262,2022-03-30,19,INaturalist
Bromus rubens,1,-119.1735082,34.44266328,2022-03-30,22,INaturalist
Bromus rubens,1,-117.250908,32.92677152,2022-04-01,15,INaturalist
Bromus rubens,1,-117.2568334,32.91735701,2022-04-01,15,INaturalist
Bromus rubens,1,-117.3051533,33.28868,2022-04-02,4,INaturalist
Bromus rubens,1,-117.2231367,32.963075,2022-04-03,4,INaturalist
Bromus rubens,1,-115.2759778,36.44181944,2022-03-26,4,INaturalist
Bromus rubens,1,-119.0501235,34.16396208,2022-04-04,5,INaturalist
Bromus rubens,1,-117.2041867,32.96550333,2022-04-05,4,INaturalist
Bromus rubens,1,-117.1558206,33.02786933,2022-04-06,10,INaturalist
Bromus rubens,1,-109.1891558,33.32011182,2022-04-05,311,INaturalist
Bromus rubens,1,-115.6083,35.288195,2022-04-04,5,INaturalist
Bromus rubens,1,-121.7954847,36.64803104,2022-04-07,6,INaturalist
Bromus rubens,1,-110.7247485,32.24117467,2022-04-06,129,INaturalist
Bromus rubens,1,-110.0767667,33.09796383,2022-04-08,91,INaturalist
Bromus rubens,1,-120.8806083,35.25834667,2022-04-03,13,INaturalist
Bromus rubens,1,-111.4640874,33.86058182,2022-04-09,302,INaturalist
Bromus rubens,1,-117.1134884,32.9925964,2022-04-09,300,INaturalist
Bromus rubens,1,-117.2520589,32.99419012,2022-04-10,36,INaturalist
Bromus rubens,1,-115.4488161,36.01304714,2022-04-08,61,INaturalist
Bromus rubens,1,-116.6644283,33.98859667,2022-04-10,4,INaturalist
Bromus rubens,1,-112.7003117,33.932275,2022-04-09,4,INaturalist
Bromus rubens,1,-111.8185788,34.8989664,2022-04-11,25,INaturalist
Bromus rubens,1,-118.8378367,34.726595,2022-04-12,4,INaturalist
Bromus rubens,1,-113.3128407,37.18928532,2022-04-12,6,INaturalist
Bromus rubens,1,-113.6727367,34.69030833,2022-04-09,4,INaturalist
Bromus rubens,1,-113.4875333,37.14574167,2022-04-13,7,INaturalist
Bromus rubens,1,-118.8691467,34.16296667,2022-04-13,64,INaturalist
Bromus rubens,1,-116.4550083,33.20985333,2022-03-15,5,INaturalist
Bromus rubens,1,-114.522605,35.78581667,2022-04-09,4,INaturalist
Bromus rubens,1,-111.3389587,34.23238373,2022-04-14,7,INaturalist
Bromus rubens,1,-115.657425,35.95785833,2022-04-14,4,INaturalist
Bromus rubens,1,-119.29287,34.40698333,2022-04-14,7,INaturalist
Bromus rubens,1,-115.643875,35.95098,2022-04-14,4,INaturalist
Bromus rubens,1,-117.570842,33.62195092,2022-04-15,5,INaturalist
Bromus rubens,1,-117.6044538,33.84395558,2022-04-16,7,INaturalist
Bromus rubens,1,-117.4589617,35.59422833,2022-04-06,5,INaturalist
Bromus rubens,1,-117.2669713,33.96661345,2022-04-16,7,INaturalist
Bromus rubens,1,-117.7589117,33.78492,2022-04-16,4,INaturalist
Bromus rubens,1,-121.8348499,36.63322131,2022-04-16,357,INaturalist
Bromus rubens,1,-118.1819862,33.76206688,2022-04-16,7,INaturalist
Bromus rubens,1,-117.8141472,33.56545556,2022-04-17,4,INaturalist
Bromus rubens,1,-119.310325,34.353305,2022-04-17,4,INaturalist
Bromus rubens,1,-113.4094848,37.11474902,2022-04-18,167,INaturalist
Bromus rubens,1,-118.7072889,34.58093658,2022-04-15,10,INaturalist
Bromus rubens,1,-122.4343417,38.85681167,2022-04-18,4,INaturalist
Bromus rubens,1,-111.6634878,33.54404474,2022-04-13,8,INaturalist
Bromus rubens,1,-115.4862367,35.91460833,2022-04-07,4,INaturalist
Bromus rubens,1,-115.47245,35.902245,2022-04-07,4,INaturalist
Bromus rubens,1,-121.8015479,39.81719426,2022-04-19,5,INaturalist
Bromus rubens,1,-111.2937451,34.21948781,2022-04-17,15,INaturalist
Bromus rubens,1,-117.89287,33.89793833,2022-04-20,24,INaturalist
Bromus rubens,1,-121.7578748,36.66020789,2022-04-21,18,INaturalist
Bromus rubens,1,-117.0846631,33.18955348,2022-04-21,100,INaturalist
Bromus rubens,1,-121.3711167,37.421855,2022-04-21,8,INaturalist
Bromus rubens,1,-111.7519226,34.647789,2022-04-22,5,INaturalist
Bromus rubens,1,-112.0690203,34.86429855,2022-04-22,18,INaturalist
Bromus rubens,1,-116.1013826,34.11294285,2022-04-23,4,INaturalist
Bromus rubens,1,-122.1052555,38.48961333,2022-04-23,10,INaturalist
Bromus rubens,1,-122.41938,38.87079167,2022-04-23,4,INaturalist
Bromus rubens,1,-111.220375,33.73767778,2022-04-19,4,INaturalist
Bromus rubens,1,-115.3080533,36.51173,2022-04-24,7,INaturalist
Bromus rubens,1,-117.752487,34.15979252,2022-04-24,494,INaturalist
Bromus rubens,1,-111.762396,34.87839574,2022-04-25,5,INaturalist
Bromus rubens,1,-116.4805313,33.0997917,2022-04-25,185,INaturalist
Bromus rubens,1,-111.8034116,34.82317798,2022-04-27,16,INaturalist
Bromus rubens,1,-117.0047005,32.57789376,2022-04-28,7,INaturalist
Bromus rubens,1,-116.8999456,33.00286799,2022-04-28,8,INaturalist
Bromus rubens,1,-117.1013767,32.63783061,2022-04-28,100,INaturalist
Bromus rubens,1,-116.468513,32.59052053,2022-04-29,3,INaturalist
Bromus rubens,1,-118.66835,34.18484167,2022-04-29,4,INaturalist
Bromus rubens,1,-122.3853867,38.84349064,2022-04-29,9,INaturalist
Bromus rubens,1,-117.1081583,32.63022797,2022-04-29,8,INaturalist
Bromus rubens,1,-117.54203,34.28504167,2022-04-29,4,INaturalist
Bromus rubens,1,-116.7559172,32.82480259,2022-04-30,4,INaturalist
Bromus rubens,1,-111.798573,33.79508,2022-04-29,50,INaturalist
Bromus rubens,1,-110.691928,32.395795,2022-04-29,42,INaturalist
Bromus rubens,1,-112.0191583,33.82261944,2022-04-29,6,INaturalist
Bromus rubens,1,-116.6585652,33.04837582,2022-04-30,4,INaturalist
Bromus rubens,1,-118.5403521,34.40451642,2022-04-30,10,INaturalist
Bromus rubens,1,-117.5728617,33.560905,2022-04-30,3,INaturalist
Bromus rubens,1,-116.4809333,33.01795283,2022-04-29,3,INaturalist
Bromus rubens,1,-119.1745229,34.47211168,2022-05-01,4,INaturalist
Bromus rubens,1,-117.27163,33.16133883,2022-05-01,4,INaturalist
Bromus rubens,1,-117.0859411,32.78410713,2022-05-01,71,INaturalist
Bromus rubens,1,-116.66417,32.750995,2022-05-01,115,INaturalist
Bromus rubens,1,-118.9094859,34.07472518,2022-05-01,4,INaturalist
Bromus rubens,1,-121.8837498,36.39999485,2022-05-01,3,INaturalist
Bromus rubens,1,-115.3167633,35.61112,2022-05-01,27,INaturalist
Bromus rubens,1,-121.0105667,36.63973999,2022-04-30,24,INaturalist
Bromus rubens,1,-117.0096056,34.10146383,2022-05-01,8,INaturalist
Bromus rubens,1,-111.9599241,33.89391553,2022-05-02,6,INaturalist
Bromus rubens,1,-115.4355107,36.14066763,2022-04-28,323,INaturalist
Bromus rubens,1,-111.9492717,33.8908,2022-05-02,6,INaturalist
Bromus rubens,1,-110.7195711,32.33649606,2022-05-02,194,INaturalist
Bromus rubens,1,-116.6464,32.89625,2022-04-23,600,INaturalist
Bromus rubens,1,-111.8552584,34.57325242,2022-04-30,12,INaturalist
Bromus rubens,1,-116.3065186,32.95254239,2022-03-24,123,INaturalist
Bromus rubens,1,-119.1973779,34.29020237,2022-05-06,9,INaturalist
Bromus rubens,1,-118.1663278,34.19745333,2022-04-20,4,INaturalist
Bromus rubens,1,-122.4996033,38.447095,2022-05-07,5,INaturalist
Bromus rubens,1,-118.4361417,37.42725833,2022-05-07,5,INaturalist
Bromus rubens,1,-113.5849883,35.83355333,2022-05-06,4,INaturalist
Bromus rubens,1,-117.8110367,34.07901117,2022-05-10,10,INaturalist
Bromus rubens,1,-118.4317867,33.97152833,2022-04-23,4,INaturalist
Bromus rubens,1,-122.58306,41.77725,2022-04-17,80,INaturalist
Bromus rubens,1,-113.2558517,37.16714859,2022-05-12,5,INaturalist
Bromus rubens,1,-117.3122867,34.18814167,2022-04-18,6,INaturalist
Bromus rubens,1,-109.78204,35.065931,2022-05-12,193,INaturalist
Bromus rubens,1,-114.0105889,36.67723,2022-04-09,4,INaturalist
Bromus rubens,1,-121.8745373,36.56397559,2022-05-14,3,INaturalist
Bromus rubens,1,-122.994775,38.85493833,2022-05-15,10,INaturalist
Bromus rubens,1,-111.3747268,34.04024096,2011-04-03,123,INaturalist
Bromus rubens,1,-118.931555,34.18382167,2022-05-16,6,INaturalist
Bromus rubens,1,-112.1409051,34.37107118,2011-05-15,319,INaturalist
Bromus rubens,1,-121.426955,37.14462217,2022-05-07,4,INaturalist
Bromus rubens,1,-118.105013,34.25815587,2022-05-22,57,INaturalist
Bromus rubens,1,-111.7662361,34.80506389,2017-05-12,5,INaturalist
Bromus rubens,1,-117.7881628,33.5901835,2022-05-24,195,INaturalist
Bromus rubens,1,-117.1513119,32.89391918,2022-04-28,5,INaturalist
Bromus rubens,1,-110.654566,34.97495771,2022-05-23,24,INaturalist
Bromus rubens,1,-110.6359333,34.97440333,2022-05-23,4,INaturalist
Bromus rubens,1,-110.5294633,34.9234,2022-05-23,105,INaturalist
Bromus rubens,1,-112.5967902,34.76462414,2022-05-27,8,INaturalist
Bromus rubens,1,-122.4463643,37.75296296,2022-05-09,12,INaturalist
Bromus rubens,1,-113.7074016,37.1621263,2022-05-29,4,INaturalist
Bromus rubens,1,-119.261925,34.23923,2022-05-22,8,INaturalist
Bromus rubens,1,-111.488412,36.995073,2022-05-26,3,INaturalist
Bromus rubens,1,-110.8001333,33.31482,2022-06-16,5,INaturalist
Bromus rubens,1,-118.4062806,37.44433889,2022-06-19,3,INaturalist
Bromus rubens,1,-119.1955117,34.28048,2022-06-20,4,INaturalist
Bromus rubens,1,-116.7125083,32.71936333,2022-06-22,4,INaturalist
Bromus rubens,1,-119.1812363,34.72561646,2022-06-22,8,INaturalist
Bromus rubens,1,-116.433425,33.10727778,2017-03-21,5,INaturalist
Bromus rubens,1,-122.0987373,38.50742886,2022-04-29,223,INaturalist
Bromus rubens,1,-119.0349055,34.17878,2022-09-23,4,INaturalist
Bromus rubens,1,-118.4342147,34.63711198,2022-10-12,9,INaturalist
Bromus rubens,1,-122.3425617,38.83775333,2022-10-12,3,INaturalist
Bromus rubens,1,-113.2076556,37.22628056,2023-01-09,15,INaturalist
Bromus rubens,1,-117.227455,36.49673,2023-01-14,4,INaturalist
Bromus rubens,1,-112.1401888,33.91403333,2023-01-22,3,INaturalist
Bromus rubens,1,-118.9269944,34.110675,2019-04-28,5,INaturalist
Bromus rubens,1,-119.177125,34.46228333,2019-04-30,5,INaturalist
Bromus rubens,1,-116.39371,33.19358,2023-01-22,5,INaturalist
Bromus rubens,1,-111.9301533,33.832255,2023-01-29,9,INaturalist
Bromus rubens,1,-116.4225467,33.24291834,2023-02-05,4,INaturalist
Bromus rubens,1,-117.3827746,33.63372945,2023-02-11,344,INaturalist
Bromus rubens,1,-117.2047469,34.09711568,2023-02-12,32,INaturalist
Bromus rubens,1,-117.0248413,33.5943583,2011-04-13,61,INaturalist
Bromus rubens,1,-121.51152,38.58060833,2023-02-14,18,INaturalist
Bromus rubens,1,-115.5110033,35.81591333,2023-02-09,4,INaturalist
Bromus rubens,1,-117.3492871,34.04693833,2023-02-17,18,INaturalist
Bromus rubens,1,-117.7363432,33.83697049,2023-02-17,357,INaturalist
Bromus rubens,1,-117.3179109,33.94444245,2023-02-19,24,INaturalist
Bromus rubens,1,-111.7951097,33.69435357,2023-02-19,8,INaturalist
Bromus rubens,1,-111.7879417,33.79147,2023-02-20,4,INaturalist
Bromus rubens,1,-112.54483,33.59450333,2023-02-20,5,INaturalist
Bromus rubens,1,-117.5698059,33.91842352,2023-02-22,8,INaturalist
Bromus rubens,1,-111.8793033,33.51147833,2023-02-22,7,INaturalist
Bromus rubens,1,-115.689505,34.81036167,2023-02-22,17,INaturalist
Bromus rubens,1,-110.9471882,32.42537029,2023-02-25,12,INaturalist
Bromus rubens,1,-111.9909076,33.3600233,2023-02-26,22,INaturalist
Bromus rubens,1,-112.5399167,33.61181333,2023-03-03,9,INaturalist
Bromus rubens,1,-116.4671173,33.22817993,2023-03-05,4,INaturalist
Bromus rubens,1,-111.4255002,33.85298812,2023-03-05,8,INaturalist
Bromus rubens,1,-117.1311333,32.99401167,2023-03-05,4,INaturalist
Bromus rubens,1,-111.8918665,33.53213497,2023-03-04,55,INaturalist
Bromus rubens,1,-117.8526627,33.65861268,2023-03-04,443,INaturalist
Bromus rubens,1,-117.3283888,34.10912326,2023-03-07,9,INaturalist
Bromus rubens,1,-115.17637,35.10181383,2019-05-23,5,INaturalist
Bromus rubens,1,-117.3578539,33.80712908,2023-03-08,11,INaturalist
Bromus rubens,1,-114.173887,36.541363,2022-02-25,3,INaturalist
Bromus rubens,1,-114.161127,36.519382,2022-03-17,3,INaturalist
Bromus rubens,1,-112.0203965,33.54021218,2023-03-09,7,INaturalist
Bromus rubens,1,-116.4358222,33.11793889,2023-01-24,4,INaturalist
Bromus rubens,1,-112.5000134,33.60667175,2023-03-06,31,INaturalist
Bromus rubens,1,-117.122055,32.83890315,2023-03-09,1,INaturalist
Bromus rubens,1,-116.303359,33.34969009,2023-03-09,7,INaturalist
Bromus rubens,1,-117.8563353,34.41492304,2022-05-27,100,INaturalist
Bromus rubens,1,-117.6325378,33.57894897,2023-03-12,207,INaturalist
Bromus rubens,1,-111.6369825,33.83949956,2023-03-12,5,INaturalist
Bromus rubens,1,-111.6339727,33.84832392,2023-03-12,6,INaturalist
Bromus rubens,1,-116.173685,34.06344473,2023-03-13,60,INaturalist
Bromus rubens,1,-111.8407417,33.76956167,2023-03-14,5,INaturalist
Bromus rubens,1,-112.0411415,33.41605332,2023-03-19,4,INaturalist
Bromus rubens,1,-112.5522383,33.602975,2023-03-19,3,INaturalist
Bromus rubens,1,-116.214005,32.77276167,2023-03-19,11,INaturalist
Bromus rubens,1,-116.4505083,33.10830283,2023-03-19,4,INaturalist
Bromus rubens,1,-116.6950299,33.92600167,2023-03-20,8,INaturalist
Bromus rubens,1,-112.0448767,33.7675834,2023-03-20,190,INaturalist
Bromus rubens,1,-117.3300102,33.63656083,2023-03-22,8,INaturalist
Bromus rubens,1,-117.4392568,34.04249178,2023-03-24,15,INaturalist
Bromus rubens,1,-111.8524941,33.77073095,2023-03-24,52,INaturalist
Bromus rubens,1,-112.9267417,33.49573833,2023-03-24,4,INaturalist
Bromus rubens,1,-111.7802167,33.610445,2023-03-25,621,INaturalist
Bromus rubens,1,-117.4289042,33.97295646,2023-03-26,20,INaturalist
Bromus rubens,1,-111.7987049,33.74781685,2023-03-05,6,INaturalist
Bromus rubens,1,-111.7047883,34.67739167,2023-03-25,3,INaturalist
Bromus rubens,1,-115.4531238,36.09024707,2023-03-25,50,INaturalist
Bromus rubens,1,-113.5633568,37.01426325,2023-03-26,35,INaturalist
Bromus rubens,1,-117.8803973,33.63134964,2023-03-27,8,INaturalist
Bromus rubens,1,-112.6891783,33.92993,2023-03-25,5,INaturalist
Bromus rubens,1,-116.8257047,32.85740094,2023-03-28,2,INaturalist
Bromus rubens,1,-109.95758,37.18833833,2023-03-29,5,INaturalist
Bromus rubens,1,-111.0287886,32.29099295,2023-03-29,9,INaturalist
Bromus rubens,1,-112.0832924,33.59799053,2023-03-30,4,INaturalist
Bromus rubens,1,-115.961905,35.79417,2023-03-29,11,INaturalist
Bromus rubens,1,-117.2354302,32.99837958,2023-03-31,279,INaturalist
Bromus rubens,1,-112.0443678,33.77833777,2023-04-01,131,INaturalist
Bromus rubens,1,-111.5814013,33.33562947,2023-04-02,4,INaturalist
Bromus rubens,1,-117.9452336,33.89929313,2023-04-02,6,INaturalist
Bromus rubens,1,-111.9906617,33.56339667,2023-04-02,10,INaturalist
Bromus rubens,1,-116.5369014,33.73430165,2023-04-03,4,INaturalist
Bromus rubens,1,-111.477611,33.4676345,2023-04-03,60,INaturalist
Bromus rubens,1,-114.57722,35.8361,2023-03-31,20,INaturalist
Bromus rubens,1,-117.1255722,32.56463623,2023-04-04,4,INaturalist
Bromus rubens,1,-117.2806455,33.05132525,2023-04-04,7,INaturalist
Bromus rubens,1,-116.55732,33.80674667,2023-04-04,8,INaturalist
Bromus rubens,1,-111.6623083,33.583125,2023-03-28,5,INaturalist
Bromus rubens,1,-116.9749938,32.83918316,2023-04-04,1,INaturalist
Bromus rubens,1,-111.796162,33.771654,2023-04-01,520,INaturalist
Bromus rubens,1,-117.0106583,32.62528667,2023-04-04,4,INaturalist
Bromus rubens,1,-113.1274568,32.11132846,2023-04-04,3,INaturalist
Bromus rubens,1,-112.3173917,33.897925,2023-03-30,4,INaturalist
Bromus rubens,1,-110.4958583,33.325955,2023-03-14,4,INaturalist
Bromus rubens,1,-119.1702691,35.00887351,2023-04-05,4,INaturalist
Bromus rubens,1,-122.5216296,38.06417921,2023-04-05,2,INaturalist
Bromus rubens,1,-111.6781718,33.30660273,2023-04-05,4,INaturalist
Bromus rubens,1,-118.6044,34.42542,2023-03-26,4,INaturalist
Bromus rubens,1,-118.3802457,34.3158062,2023-04-05,8,INaturalist
Bromus rubens,1,-110.9341133,32.357405,2023-04-05,26,INaturalist
Bromus rubens,1,-111.515145,33.68715,2023-04-05,4,INaturalist
Bromus rubens,1,-119.4511467,33.22206167,2023-04-05,4,INaturalist
Bromus rubens,1,-117.4621124,34.29775238,2023-04-06,3,INaturalist
Bromus rubens,1,-110.8711617,32.479095,2023-04-06,4,INaturalist
Bromus rubens,1,-110.7489467,32.60917167,2023-04-06,4,INaturalist
Bromus rubens,1,-117.1845398,33.15150452,2023-04-06,55,INaturalist
Bromus rubens,1,-116.6598667,33.99605333,2023-04-07,4,INaturalist
Bromus rubens,1,-112.1506946,34.06369612,2023-04-07,4,INaturalist
Bromus rubens,1,-114.0948333,35.1455305,2023-04-07,8,INaturalist
Bromus rubens,1,-117.3083256,33.84143228,2023-04-08,23,INaturalist
Bromus rubens,1,-116.3208917,34.01806667,2023-04-08,4,INaturalist
Bromus rubens,1,-111.1506945,33.27785852,2023-04-09,229,INaturalist
Bromus rubens,1,-112.0948792,34.22386932,2023-04-08,134,INaturalist
Bromus rubens,1,-109.8283833,34.88797,2023-04-08,117,INaturalist
Bromus rubens,1,-121.7706533,36.66400833,2023-04-09,4,INaturalist
Bromus rubens,1,-118.5569741,34.27157583,2023-04-09,3,INaturalist
Bromus rubens,1,-114.5656191,36.40577434,2023-04-09,4,INaturalist
Bromus rubens,1,-112.1396417,33.93215333,2023-04-09,4,INaturalist
Bromus rubens,1,-118.9520117,34.1429055,2023-04-09,16,INaturalist
Bromus rubens,1,-112.1418388,33.83983667,2023-04-09,11,INaturalist
Bromus rubens,1,-116.9508276,32.62184122,2023-04-09,413,INaturalist
Bromus rubens,1,-117.3451134,33.81382737,2023-04-09,11,INaturalist
Bromus rubens,1,-116.0139389,33.98065186,2023-04-10,64,INaturalist
Bromus rubens,1,-117.2156995,32.78710328,2023-04-11,4,INaturalist
Bromus rubens,1,-122.3544833,38.83021667,2023-04-10,4,INaturalist
Bromus rubens,1,-111.7303383,33.69371333,2023-03-31,5,INaturalist
Bromus rubens,1,-111.6973417,33.71906333,2023-03-31,4,INaturalist
Bromus rubens,1,-110.8107133,32.31118833,2023-04-12,4,INaturalist
Bromus rubens,1,-114.69082,35.82971,2023-03-31,10,INaturalist
Bromus rubens,1,-112.1557503,33.60723892,2023-04-13,5,INaturalist
Bromus rubens,1,-116.1977533,32.61138667,2023-04-13,4,INaturalist
Bromus rubens,1,-116.5511633,33.78041167,2023-04-14,4,INaturalist
Bromus rubens,1,-111.4735117,33.64642,2023-04-14,3,INaturalist
Bromus rubens,1,-119.8825133,34.41627167,2023-04-14,108,INaturalist
Bromus rubens,1,-117.2260667,33.66405,2023-04-14,4,INaturalist
Bromus rubens,1,-111.4783467,33.63825333,2023-04-15,6,INaturalist
Bromus rubens,1,-111.6669383,33.1411055,2023-04-12,5,INaturalist
Bromus rubens,1,-117.6530838,33.67239515,2023-04-16,6,INaturalist
Bromus rubens,1,-117.6417119,33.67486869,2023-04-16,6,INaturalist
Bromus rubens,1,-117.6233769,33.67854,2023-04-16,8,INaturalist
Bromus rubens,1,-121.77613,39.77363333,2023-04-16,4,INaturalist
Bromus rubens,1,-118.6844637,34.03239002,2023-04-16,78,INaturalist
Bromus rubens,1,-117.6603117,33.68544909,2023-04-16,23,INaturalist
Bromus rubens,1,-118.7186077,34.30220712,2023-04-16,3,INaturalist
Bromus rubens,1,-121.8083883,36.657795,2023-04-16,6,INaturalist
Bromus rubens,1,-111.597795,33.49437,2023-04-06,4,INaturalist
Bromus rubens,1,-116.4091691,33.26717658,2023-04-15,4,INaturalist
Bromus rubens,1,-116.0923315,32.64031068,2023-04-16,4,INaturalist
Bromus rubens,1,-114.6508,35.77288,2023-04-01,30,INaturalist
Bromus rubens,1,-114.61031,35.74061,2023-04-01,100,INaturalist
Bromus rubens,1,-116.3705533,33.336495,2023-04-17,3,INaturalist
Bromus rubens,1,-117.0488586,32.98345947,2023-04-17,4,INaturalist
Bromus rubens,1,-119.5806367,35.54255333,2023-04-17,4,INaturalist
Bromus rubens,1,-118.007327,34.16708003,2023-04-17,15,INaturalist
Bromus rubens,1,-118.1771783,34.100975,2023-04-14,16,INaturalist
Bromus rubens,1,-114.57561,35.7898,2023-04-02,30,INaturalist
Bromus rubens,1,-117.1657857,33.31811193,2023-04-18,8,INaturalist
Bromus rubens,1,-116.5981517,36.81097934,2023-04-18,6,INaturalist
Bromus rubens,1,-112.10801120000001,33.71367989,2023-04-18,10,INaturalist
Bromus rubens,1,-117.3255318,33.33551941,2023-04-18,5,INaturalist
Bromus rubens,1,-116.4544076,34.14914896,2023-04-15,23,INaturalist
Bromus rubens,1,-120.6452717,35.29423833,2023-04-18,43,INaturalist
Bromus rubens,1,-116.929866,33.06569999,2023-04-19,7,INaturalist
Bromus rubens,1,-116.1663211,34.03293996,2023-04-19,5,INaturalist
Bromus rubens,1,-118.15815,34.46123,2023-04-19,4,INaturalist
Bromus rubens,1,-120.7095467,35.26343667,2023-04-19,4,INaturalist
Bromus rubens,1,-118.6237343,34.51069255,2023-04-20,4,INaturalist
Bromus rubens,1,-121.8614473,36.60744532,2023-04-20,9,INaturalist
Bromus rubens,1,-121.2120039,36.49820753,2023-04-19,4,INaturalist
Bromus rubens,1,-120.4159383,37.37398,2023-04-21,6,INaturalist
Bromus rubens,1,-116.3207205,36.6182161,2023-04-21,360,INaturalist
Bromus rubens,1,-116.1196567,36.57984638,2023-04-21,4,INaturalist
Bromus rubens,1,-114.1967545,36.50644684,2023-04-19,16,INaturalist
Bromus rubens,1,-117.31887,33.953925,2023-04-21,27,INaturalist
Bromus rubens,1,-111.744203,34.8676788,2023-04-22,4,INaturalist
Bromus rubens,1,-117.6460333,33.94381612,2023-04-20,613,INaturalist
Bromus rubens,1,-119.1852446,35.37213828,2023-04-22,4,INaturalist
Bromus rubens,1,-117.2980417,33.18009167,2023-04-22,4,INaturalist
Bromus rubens,1,-116.4434249,33.1455517,2023-04-22,4,INaturalist
Bromus rubens,1,-116.0731025,36.56879835,2023-04-22,4,INaturalist
Bromus rubens,1,-111.4751667,36.940025,2023-04-22,7,INaturalist
Bromus rubens,1,-117.2533457,32.9414471,2023-04-21,4,INaturalist
Bromus rubens,1,-120.8164481,36.70938041,2023-04-22,3,INaturalist
Bromus rubens,1,-119.8549583,35.1175945,2023-04-22,23,INaturalist
Bromus rubens,1,-111.8305635,34.81292301,2023-04-20,206,INaturalist
Bromus rubens,1,-120.8564716,36.71404867,2023-04-22,4,INaturalist
Bromus rubens,1,-118.4450549,33.97087623,2023-04-22,15,INaturalist
Bromus rubens,1,-117.1030624,32.54199315,2023-04-22,8,INaturalist
Bromus rubens,1,-117.3254467,33.70905333,2023-04-23,4,INaturalist
Bromus rubens,1,-117.3980831,33.67003132,2023-04-19,23,INaturalist
Bromus rubens,1,-111.215255,33.55513333,2023-04-23,28,INaturalist
Bromus rubens,1,-114.514595,36.4395773,2023-04-17,8,INaturalist
Bromus rubens,1,-112.0248722,34.70213667,2023-04-24,3,INaturalist
Bromus rubens,1,-114.40957,36.44024,2023-04-07,10,INaturalist
Bromus rubens,1,-117.7345017,33.78269007,2023-04-05,593,INaturalist
Bromus rubens,1,-109.8145774,38.18602926,2023-04-24,6,INaturalist
Bromus rubens,1,-121.1912783,36.48973,2023-04-25,4,INaturalist
Bromus rubens,1,-113.301255,33.696695,2023-04-23,4,INaturalist
Bromus rubens,1,-116.329575,34.10467778,2023-04-25,4,INaturalist
Bromus rubens,1,-115.5450533,35.27937167,2023-04-23,5,INaturalist
Bromus rubens,1,-114.10108,36.15781,2023-04-09,100,INaturalist
Bromus rubens,1,-117.8436203,33.63674927,2023-04-26,95,INaturalist
Bromus rubens,1,-119.5269476,34.39794867,2023-04-26,4,INaturalist
Bromus rubens,1,-121.9436348,36.51308083,2023-04-26,7,INaturalist
Bromus rubens,1,-118.1047528,36.61368,2023-04-25,4,INaturalist
Bromus rubens,1,-119.6412354,35.06715242,2023-04-24,117,INaturalist
Bromus rubens,1,-121.3988033,37.247945,2023-04-25,4,INaturalist
Bromus rubens,1,-119.6611633,35.07437217,2023-04-26,5,INaturalist
Bromus rubens,1,-114.6303333,35.1489945,2023-04-16,30,INaturalist
Bromus rubens,1,-111.8855795,33.64386083,2023-04-27,9,INaturalist
Bromus rubens,1,-116.4294633,33.02323874,2023-04-28,4,INaturalist
Bromus rubens,1,-111.6213113,33.4815517,2023-04-28,4,INaturalist
Bromus rubens,1,-112.5146396,33.60374991,2023-04-28,432,INaturalist
Bromus rubens,1,-117.0735542,32.8166668,2023-04-28,3,INaturalist
Bromus rubens,1,-118.3449948,33.73884846,2023-04-28,21,INaturalist
Bromus rubens,1,-117.0322917,36.98459292,2016-05-15,122,INaturalist
Bromus rubens,1,-117.0645398,33.06501331,2023-04-29,3,INaturalist
Bromus rubens,1,-110.9847565,32.44392727,2023-04-29,8,INaturalist
Bromus rubens,1,-118.8518677,36.44711304,2023-04-29,4,INaturalist
Bromus rubens,1,-117.7968845,33.6178002,2023-04-29,10,INaturalist
Bromus rubens,1,-118.2262448,34.1675655,2023-04-29,17,INaturalist
Bromus rubens,1,-111.4317167,33.53751334,2023-04-28,20,INaturalist
Bromus rubens,1,-117.0334397,32.83935132,2023-04-29,2,INaturalist
Bromus rubens,1,-111.8961117,34.82956667,2023-04-29,4,INaturalist
Bromus rubens,1,-121.7152746,36.62913345,2023-04-29,3,INaturalist
Bromus rubens,1,-117.7105417,34.1450695,2023-04-29,4,INaturalist
Bromus rubens,1,-117.2458241,33.64205643,2023-04-29,5,INaturalist
Bromus rubens,1,-118.291725,34.20955333,2023-04-28,6,INaturalist
Bromus rubens,1,-118.5772867,34.08814717,2023-04-29,4,INaturalist
Bromus rubens,1,-118.284605,37.35683,2023-04-29,4,INaturalist
Bromus rubens,1,-121.4928583,39.54759167,2023-04-29,4,INaturalist
Bromus rubens,1,-117.7899069,33.82393407,2023-04-23,148,INaturalist
Bromus rubens,1,-115.4598917,36.06960283,2023-04-28,5,INaturalist
Bromus rubens,1,-118.4550206,34.07442297,2023-04-30,3,INaturalist
Bromus rubens,1,-117.7382842,33.77396142,2023-04-30,8,INaturalist
Bromus rubens,1,-118.0456891,34.0331101,2023-04-30,4,INaturalist
Bromus rubens,1,-113.35225,33.79021333,2023-04-23,4,INaturalist
Bromus rubens,1,-111.81572,33.60791167,2023-04-29,4,INaturalist
Bromus rubens,1,-118.3531219,33.74333364,2023-04-30,23,INaturalist
Bromus rubens,1,-114.09629,36.14961,2023-04-10,20,INaturalist
Bromus rubens,1,-116.8566429,36.99634257,2023-04-30,622,INaturalist
Bromus rubens,1,-111.6363291,33.16853137,2023-04-30,4,INaturalist
Bromus rubens,1,-110.725595,32.35758667,2023-04-30,4,INaturalist
Bromus rubens,1,-117.7922533,34.09080833,2023-04-30,4,INaturalist
Bromus rubens,1,-117.0775016,34.64621333,2023-04-30,15,INaturalist
Bromus rubens,1,-112.0060667,33.82992167,2023-04-28,6,INaturalist
Bromus rubens,1,-116.64592,33.95790833,2023-04-30,4,INaturalist
Bromus rubens,1,-118.4659883,34.37947833,2023-04-30,420,INaturalist
Bromus rubens,1,-111.4390333,33.47758833,2023-04-28,4,INaturalist
Bromus rubens,1,-118.9031833,34.21951667,2023-05-01,4,INaturalist
Bromus rubens,1,-111.607536,33.47461659,2023-05-01,4,INaturalist
Bromus rubens,1,-117.2912367,34.03058617,2023-05-01,6,INaturalist
Bromus rubens,1,-111.9740564,34.74908858,2023-04-24,8,INaturalist
Bromus rubens,1,-112.1245722,33.869725,2023-05-01,4,INaturalist
Bromus rubens,1,-111.8370832,33.59538402,2023-05-01,4,INaturalist
Bromus rubens,1,-116.8303833,33.66598667,2023-04-29,4,INaturalist
Bromus rubens,1,-116.8679967,33.70706667,2023-04-29,4,INaturalist
Bromus rubens,1,-116.9170533,33.70558,2023-04-29,7,INaturalist
Bromus rubens,1,-111.5420783,33.44031333,2023-05-01,4,INaturalist
Bromus rubens,1,-117.1580823,34.02235513,2023-04-30,4,INaturalist
Bromus rubens,1,-117.0044644,33.92703019,2023-04-26,7,INaturalist
Bromus rubens,1,-117.252876,36.432919,2023-04-19,6,INaturalist
Bromus rubens,1,-118.8140125,34.0989606,2023-04-29,46,INaturalist
Bromus rubens,1,-112.0234222,34.77259667,2023-04-19,3,INaturalist
Bromus rubens,1,-118.2596583,34.10908883,2023-05-02,4,INaturalist
Bromus rubens,1,-118.2371533,37.18348,2023-04-30,4,INaturalist
Bromus rubens,1,-118.4920881,34.75652357,2023-04-29,140,INaturalist
Bromus rubens,1,-117.7590273,33.65011489,2023-05-02,9,INaturalist
Bromus rubens,1,-116.3481889,36.65190833,2023-04-22,4,INaturalist
Bromus rubens,1,-114.8344642,35.96035257,2023-03-26,411,INaturalist
Bromus rubens,1,-118.3431424,33.32237614,2023-04-29,89,INaturalist
Bromus rubens,1,-116.160888,36.578007,2023-04-23,3,INaturalist
Bromus rubens,1,-116.6422718,32.61364233,2023-05-03,5,INaturalist
Bromus rubens,1,-117.7636707,33.60715757,2023-04-28,2,INaturalist
Bromus rubens,1,-111.7116297,33.72073849,2023-04-30,3,INaturalist
Bromus rubens,1,-117.1316528,33.62542833,2023-05-03,6,INaturalist
Bromus rubens,1,-118.3614891,35.62818112,2023-05-04,4,INaturalist
Bromus rubens,1,-118.878455,34.0555805,2023-04-30,6,INaturalist
Bromus rubens,1,-110.9177633,32.42230333,2023-05-04,4,INaturalist
Bromus rubens,1,-111.9552252,33.88385686,2023-04-30,3,INaturalist
Bromus rubens,1,-121.6041333,37.62955333,2023-05-05,4,INaturalist
Bromus rubens,1,-116.9527045,33.03874227,2023-05-06,5,INaturalist
Bromus rubens,1,-117.7477417,33.56430054,2023-05-06,4,INaturalist
Bromus rubens,1,-112.0665819,33.31730664,2023-04-29,3,INaturalist
Bromus rubens,1,-122.164917,37.41513062,2023-05-06,50,INaturalist
Bromus rubens,1,-122.4191133,38.86003667,2023-05-06,3,INaturalist
Bromus rubens,1,-114.39907,36.48863,2023-04-19,10,INaturalist
Bromus rubens,1,-117.45768,33.647255,2023-05-06,6,INaturalist
Bromus rubens,1,-121.2266975,36.47803351,2023-05-07,4,INaturalist
Bromus rubens,1,-116.6509323,32.59622955,2023-05-07,3,INaturalist
Bromus rubens,1,-117.0815201,32.95522831,2023-05-07,294,INaturalist
Bromus rubens,1,-117.7263417,36.26065833,2023-05-06,4,INaturalist
Bromus rubens,1,-120.661575,35.63792833,2022-05-05,8,INaturalist
Bromus rubens,1,-122.0980505,38.02477711,2023-05-07,4,INaturalist
Bromus rubens,1,-117.1542805,33.36571167,2023-05-07,6,INaturalist
Bromus rubens,1,-117.114367,33.8956149,2023-05-07,8,INaturalist
Bromus rubens,1,-121.2161327,36.48285391,2023-05-06,124,INaturalist
Bromus rubens,1,-111.5963734,33.46507508,2023-05-07,3,INaturalist
Bromus rubens,1,-121.1593083,36.48056944,2023-05-06,4,INaturalist
Bromus rubens,1,-121.1640389,36.45766944,2023-05-06,3,INaturalist
Bromus rubens,1,-119.7232361,37.09396362,2023-05-09,4,INaturalist
Bromus rubens,1,-111.1593781,33.2800293,2023-05-09,35,INaturalist
Bromus rubens,1,-122.396575,38.85488,2023-05-09,9,INaturalist
Bromus rubens,1,-119.7351584,36.88758715,2023-05-09,4,INaturalist
Bromus rubens,1,-121.1986389,36.47053611,2023-05-07,4,INaturalist
Bromus rubens,1,-121.0166198,38.67033755,2023-05-09,9,INaturalist
Bromus rubens,1,-114.43904,36.462,2023-04-20,20,INaturalist
Bromus rubens,1,-117.7418283,34.14779167,2023-04-29,3,INaturalist
Bromus rubens,1,-121.2009583,36.02548218,2023-05-10,9,INaturalist
Bromus rubens,1,-114.44307,36.45183,2023-04-20,10,INaturalist
Bromus rubens,1,-112.5232617,33.59030833,2023-04-13,13,INaturalist
Bromus rubens,1,-116.1869039,33.92666662,2023-05-10,4,INaturalist
Bromus rubens,1,-116.180487,34.05085247,2023-04-16,250,INaturalist
Bromus rubens,1,-118.526117,34.0356465,2023-05-10,4,INaturalist
Bromus rubens,1,-117.4663276,33.8033141,2023-05-10,8,INaturalist
Bromus rubens,1,-117.0430145,33.1656189,2023-05-10,4,INaturalist
Bromus rubens,1,-121.1452233,36.49428851,2023-05-05,2,INaturalist
Bromus rubens,1,-116.5720492,34.0512807,2023-05-08,187,INaturalist
Bromus rubens,1,-119.7344905,34.41147792,2023-05-11,7,INaturalist
Bromus rubens,1,-121.1877212,36.47502359,2023-05-07,9,INaturalist
Bromus rubens,1,-122.4509276,39.02794328,2023-05-09,6,INaturalist
Bromus rubens,1,-122.093476,37.5473826,2023-05-12,7,INaturalist
Bromus rubens,1,-122.0375222,40.10610283,2023-04-03,32,INaturalist
Bromus rubens,1,-116.56562,34.16925833,2023-05-12,4,INaturalist
Bromus rubens,1,-118.7034178,34.16860491,2023-05-13,4,INaturalist
Bromus rubens,1,-121.1848784,36.46550516,2023-05-13,4,INaturalist
Bromus rubens,1,-112.0590894,34.73008281,2023-05-14,4,INaturalist
Bromus rubens,1,-118.9931488,34.23059082,2023-05-14,4,INaturalist
Bromus rubens,1,-121.5465523,39.60006167,2023-05-14,4,INaturalist
Bromus rubens,1,-117.1928625,33.20940841,2023-05-16,6,INaturalist
Bromus rubens,1,-110.7768362,31.79842387,2023-05-15,15,INaturalist
Bromus rubens,1,-116.1582336,33.9397583,2023-05-19,5,INaturalist
Bromus rubens,1,-116.553974,33.8448284,2023-04-08,7,INaturalist
Bromus rubens,1,-116.7172277,37.03475767,2023-05-19,4,INaturalist
Bromus rubens,1,-113.0246278,34.170925,2023-05-13,4,INaturalist
Bromus rubens,1,-122.1623083,37.79809167,2023-05-19,5,INaturalist
Bromus rubens,1,-117.1731447,32.9193228,2023-05-20,12,INaturalist
Bromus rubens,1,-121.8112532,36.31595801,2023-05-20,3,INaturalist
Bromus rubens,1,-119.1841028,34.45625556,2020-03-17,5,INaturalist
Bromus rubens,1,-121.5911077,37.14288531,2023-05-21,3,INaturalist
Bromus rubens,1,-119.7290889,34.45331944,2020-03-22,10,INaturalist
Bromus rubens,1,-122.1641224,37.33149467,2023-05-21,15,INaturalist
Bromus rubens,1,-117.2212617,32.85777,2023-05-22,4,INaturalist
Bromus rubens,1,-121.7535255,36.63743606,2023-05-22,4,INaturalist
Bromus rubens,1,-111.805256,33.720473,2023-05-18,169,INaturalist
Bromus rubens,1,-122.5119324,38.44400024,2023-05-23,4,INaturalist
Bromus rubens,1,-118.5903467,34.12963617,2023-05-23,13,INaturalist
Bromus rubens,1,-115.489633,36.27796926,2023-05-24,4,INaturalist
Bromus rubens,1,-111.91465,34.84990333,2023-05-26,4,INaturalist
Bromus rubens,1,-118.3873472,33.74839192,2023-05-20,4,INaturalist
Bromus rubens,1,-118.1868883,37.24918667,2023-05-28,4,INaturalist
Bromus rubens,1,-117.5088268,33.60087937,2023-05-27,215,INaturalist
Bromus rubens,1,-116.3059917,34.00965833,2023-05-30,8,INaturalist
Bromus rubens,1,-113.6051633,35.42395833,2023-05-04,5,INaturalist
Bromus rubens,1,-120.9941033,39.21461333,2023-06-03,10,INaturalist
Bromus rubens,1,-117.1968613,33.10354614,2023-06-04,4,INaturalist
Bromus rubens,1,-118.075309,34.3081815,2023-05-28,194,INaturalist
Bromus rubens,1,-111.9647917,33.87978667,2023-04-14,4,INaturalist
Bromus rubens,1,-112.388755,33.99693333,2023-04-10,5,INaturalist
Bromus rubens,1,-111.3583917,34.29798,2023-06-08,3,INaturalist
Bromus rubens,1,-117.9720016,35.36490771,2023-04-17,2,INaturalist
Bromus rubens,1,-112.8739617,33.72805333,2023-04-09,4,INaturalist
Bromus rubens,1,-115.451613,36.102906,2023-05-08,3,INaturalist
Bromus rubens,1,-115.164813,36.502207,2023-05-19,3,INaturalist
Bromus rubens,1,-113.2022694,36.11903333,2023-05-28,4,INaturalist
Bromus rubens,1,-118.8797139,34.07966667,2023-06-22,4,INaturalist
Bromus rubens,1,-119.0648806,34.09194167,2023-03-18,6,INaturalist
Bromus rubens,1,-115.52565,35.98888,2023-06-27,4,INaturalist
Bromus rubens,1,-113.4922467,34.58171167,2023-06-28,4,INaturalist
Bromus rubens,1,-115.4857783,36.00081389,2023-06-27,4,INaturalist
Bromus rubens,1,-115.4554833,36.28091333,2023-06-26,4,INaturalist
Bromus rubens,1,-115.3945527,35.04585091,2023-07-10,7,INaturalist
Bromus rubens,1,-117.4626083,33.29946899,2023-07-11,425,INaturalist
Bromus rubens,1,-117.2460146,33.04066597,2023-07-12,2,INaturalist
Bromus rubens,1,-115.4773417,36.17326667,2023-06-25,4,INaturalist
Bromus rubens,1,-117.0382528,32.64409667,2023-07-23,4,INaturalist
Bromus rubens,1,-113.31112,34.467425,2023-08-04,4,INaturalist
Bromus rubens,1,-114.50753,35.749805,2023-08-04,4,INaturalist
Bromus rubens,1,-115.3974533,36.0490805,2023-06-25,4,INaturalist
Bromus rubens,1,-110.5038949,33.79795264,2023-07-17,126,INaturalist
Schismus arabicus,1,-116.059697,32.698492,2015-02-28,66,INaturalist
Schismus arabicus,1,-115.127749,32.708123,2015-05-23,119,INaturalist
Schismus arabicus,1,-119.883372,34.423814,2016-02-08,4,INaturalist
Schismus arabicus,1,-119.383844,34.752359,2016-03-19,10,INaturalist
Schismus arabicus,1,-116.4161013,33.36573877,2018-01-29,5,INaturalist
Schismus arabicus,1,-116.42418,33.37156,2018-03-01,10,INaturalist
Schismus arabicus,1,-110.962737,32.23038704,2018-03-19,190,INaturalist
Schismus arabicus,1,-118.269231,37.2542,2010-05-07,5,INaturalist
Schismus arabicus,1,-114.04895,32.31204667,2019-02-09,5,INaturalist
Schismus arabicus,1,-116.15414,33.28528,2019-02-20,10,INaturalist
Schismus arabicus,1,-116.36495,33.3253141,2019-02-19,10,INaturalist
Schismus arabicus,1,-116.366255,33.33691167,2019-02-27,5,INaturalist
Schismus arabicus,1,-116.1192814,33.14252464,2019-03-05,356,INaturalist
Schismus arabicus,1,-116.3142426,33.19139033,2019-03-10,5,INaturalist
Schismus arabicus,1,-116.2142333,33.30470333,2019-03-26,5,INaturalist
Schismus arabicus,1,-116.0982583,32.67402,2019-04-13,5,INaturalist
Schismus arabicus,1,-116.2442303,32.90799047,2019-04-27,5,INaturalist
Schismus arabicus,1,-111.9499925,33.4515292,2019-05-28,4,INaturalist
Schismus arabicus,1,-114.73677,33.31293667,2020-03-03,4,INaturalist
Schismus arabicus,1,-114.8800652,33.1344716,2020-03-12,8,INaturalist
Schismus arabicus,1,-114.9749062,33.36264831,2020-04-03,6,INaturalist
Schismus arabicus,1,-116.1805323,32.83091229,2020-04-24,2,INaturalist
Schismus arabicus,1,-117.2537255,33.33505226,2020-05-06,6,INaturalist
Schismus arabicus,1,-117.2658257,33.36606881,2022-04-01,4,INaturalist
Schismus arabicus,1,-117.2992976,33.12106255,2022-04-16,4,INaturalist
Schismus arabicus,1,-118.317725,37.21887222,2022-05-02,5,INaturalist
Schismus arabicus,1,-116.1092402,32.70216743,2023-02-05,8,INaturalist
Schismus arabicus,1,-114.173938,36.541385,2022-02-25,3,INaturalist
Schismus arabicus,1,-116.3019281,33.34418601,2023-03-09,4,INaturalist
Schismus arabicus,1,-116.2652056,33.22143771,2023-03-10,7,INaturalist
Schismus arabicus,1,-116.0745167,33.18913833,2023-03-31,4,INaturalist
Schismus arabicus,1,-116.2012782,32.85171989,2023-03-31,31,INaturalist
Schismus arabicus,1,-116.537147,36.685096,2023-04-20,3,INaturalist
Schismus arabicus,1,-116.4076303,36.63878955,2023-04-21,3,INaturalist
Schismus arabicus,1,-116.269337,36.614474,2023-04-23,3,INaturalist
Schismus arabicus,1,-116.162615,36.57765,2023-04-23,3,INaturalist
Schismus arabicus,1,-116.160148,36.565117,2023-04-23,3,INaturalist
Schismus arabicus,1,-114.784615,35.303134,2022-11-22,3,INaturalist
Schismus arabicus,1,-114.133609,36.524183,2023-04-11,3,INaturalist
Schismus barbatus,1,-118.917518,34.389053,2015-07-14,5,INaturalist
Schismus barbatus,1,-118.09611,34.179534,2016-02-06,6,INaturalist
Schismus barbatus,1,-118.773065,34.186739,2016-02-18,3,INaturalist
Schismus barbatus,1,-116.2644111,34.22090121,2016-02-25,5,INaturalist
Schismus barbatus,1,-111.7404,33.85661,2016-02-28,25,INaturalist
Schismus barbatus,1,-116.823731,36.437641,2016-03-11,6,INaturalist
Schismus barbatus,1,-118.756932,34.147013,2016-03-18,11,INaturalist
Schismus barbatus,1,-117.2427509,32.67727226,2016-05-21,5,INaturalist
Schismus barbatus,1,-116.4184594,33.27088048,2017-03-01,5,INaturalist
Schismus barbatus,1,-117.0338452,33.15992725,2017-03-01,15,INaturalist
Schismus barbatus,1,-116.3048986,33.63578266,2017-03-21,5,INaturalist
Schismus barbatus,1,-112.080149,33.58733467,2017-05-06,5,INaturalist
Schismus barbatus,1,-116.2534909,33.16487275,2017-09-13,5,INaturalist
Schismus barbatus,1,-116.9448144,32.55581496,2017-09-18,0,INaturalist
Schismus barbatus,1,-115.8447814,33.63537831,2018-02-12,5,INaturalist
Schismus barbatus,1,-116.3132467,33.77609167,2018-02-17,0,INaturalist
Schismus barbatus,1,-116.9872533,33.54258333,2018-02-19,0,INaturalist
Schismus barbatus,1,-116.3384125,33.7880385,2018-03-29,5,INaturalist
Schismus barbatus,1,-117.5522617,33.378095,2018-04-03,0,INaturalist
Schismus barbatus,1,-116.7600867,32.799475,2018-04-29,0,INaturalist
Schismus barbatus,1,-117.3298417,33.32122833,2018-04-30,5,INaturalist
Schismus barbatus,1,-117.1124681,33.13441912,2018-04-27,2,INaturalist
Schismus barbatus,1,-118.619545,34.42507167,2018-05-03,8,INaturalist
Schismus barbatus,1,-118.760941,35.198728,2018-03-30,200,INaturalist
Schismus barbatus,1,-116.1884406,33.20696516,2019-01-07,5,INaturalist
Schismus barbatus,1,-116.397895,33.72266333,2019-01-26,5,INaturalist
Schismus barbatus,1,-116.3979005,33.79949711,2019-01-27,5,INaturalist
Schismus barbatus,1,-110.97493,32.23107833,2019-02-01,10,INaturalist
Schismus barbatus,1,-116.3086747,33.81303959,2019-02-04,4,INaturalist
Schismus barbatus,1,-111.0235138,32.279645,2019-02-13,5,INaturalist
Schismus barbatus,1,-117.2464367,32.697875,2019-02-24,5,INaturalist
Schismus barbatus,1,-111.9096582,33.32191724,2019-03-04,9,INaturalist
Schismus barbatus,1,-111.6103754,33.47029406,2019-03-06,67,INaturalist
Schismus barbatus,1,-111.6061089,33.45931856,2019-03-06,94,INaturalist
Schismus barbatus,1,-112.1300624,33.31700794,2019-03-09,5,INaturalist
Schismus barbatus,1,-115.8259717,33.50952167,2019-03-09,5,INaturalist
Schismus barbatus,1,-116.21392,33.30542833,2019-03-13,5,INaturalist
Schismus barbatus,1,-116.3194967,33.65428,2019-03-16,5,INaturalist
Schismus barbatus,1,-117.2379842,32.66961199,2019-03-17,2,INaturalist
Schismus barbatus,1,-116.1527945,33.28407167,2019-03-17,5,INaturalist
Schismus barbatus,1,-116.5016861,33.76370556,2019-03-19,5,INaturalist
Schismus barbatus,1,-116.3727487,34.23628777,2019-03-26,35,INaturalist
Schismus barbatus,1,-116.3995284,33.66229161,2019-03-29,5,INaturalist
Schismus barbatus,1,-116.4425619,33.0146483,2019-03-30,8,INaturalist
Schismus barbatus,1,-117.1454614,32.73327471,2019-04-26,48,INaturalist
Schismus barbatus,1,-117.6674306,33.74658167,2019-04-28,9,INaturalist
Schismus barbatus,1,-111.9393677,33.44073728,2019-04-28,39,INaturalist
Schismus barbatus,1,-117.04622,32.828215,2019-04-29,10,INaturalist
Schismus barbatus,1,-115.7749589,33.67571128,2019-05-09,5,INaturalist
Schismus barbatus,1,-116.325003,36.46748715,2019-07-06,5,INaturalist
Schismus barbatus,1,-111.839891,33.761863,2019-04-07,87,INaturalist
Schismus barbatus,1,-115.8992548,32.67402972,2019-09-29,5,INaturalist
Schismus barbatus,1,-117.7571774,33.59837059,2019-02-27,31,INaturalist
Schismus barbatus,1,-111.8187062,33.61156289,2019-12-15,5,INaturalist
Schismus barbatus,1,-116.02652,34.0532794,2019-03-20,7,INaturalist
Schismus barbatus,1,-116.3081482,33.83630102,2020-01-26,16,INaturalist
Schismus barbatus,1,-116.3720996,33.6991188,2020-01-09,173,INaturalist
Schismus barbatus,1,-111.4004371,32.63972412,2020-02-16,13,INaturalist
Schismus barbatus,1,-111.4546355,33.53481285,2020-02-15,5,INaturalist
Schismus barbatus,1,-111.4220628,33.52807207,2020-02-15,9,INaturalist
Schismus barbatus,1,-111.458338,33.49195956,2020-02-15,6,INaturalist
Schismus barbatus,1,-117.0739899,32.79231043,2020-02-23,12,INaturalist
Schismus barbatus,1,-116.2771457,33.71000648,2020-02-25,4,INaturalist
Schismus barbatus,1,-116.1260381,33.51048152,2020-02-27,4,INaturalist
Schismus barbatus,1,-116.3102806,33.29591667,2020-02-27,6,INaturalist
Schismus barbatus,1,-116.9701333,33.09164857,2020-03-01,5,INaturalist
Schismus barbatus,1,-116.4125133,33.6703,2020-02-26,5,INaturalist
Schismus barbatus,1,-111.8520367,33.628205,2020-03-04,5,INaturalist
Schismus barbatus,1,-117.6755152,33.87708114,2020-03-04,96,INaturalist
Schismus barbatus,1,-116.2658778,33.62606051,2020-03-07,16,INaturalist
Schismus barbatus,1,-116.3529583,33.77383,2020-03-08,5,INaturalist
Schismus barbatus,1,-116.3202367,33.63928833,2020-03-11,5,INaturalist
Schismus barbatus,1,-116.4916794,33.79061571,2020-03-14,5,INaturalist
Schismus barbatus,1,-116.052634,34.06648055,2020-03-06,5,INaturalist
Schismus barbatus,1,-116.2029836,33.72233744,2020-03-20,6,INaturalist
Schismus barbatus,1,-109.5362916,32.56547162,2020-03-20,5,INaturalist
Schismus barbatus,1,-111.7059494,33.45073991,2020-03-21,6,INaturalist
Schismus barbatus,1,-116.2588727,33.71795724,2020-03-22,5,INaturalist
Schismus barbatus,1,-116.2976344,33.70450949,2020-03-25,7,INaturalist
Schismus barbatus,1,-116.2472833,33.59728833,2020-03-26,10,INaturalist
Schismus barbatus,1,-117.4179383,33.70556333,2020-03-28,24,INaturalist
Schismus barbatus,1,-116.0397425,34.06647539,2020-03-29,5,INaturalist
Schismus barbatus,1,-112.0107857,33.56642857,2020-03-31,5,INaturalist
Schismus barbatus,1,-116.3005533,33.826325,2020-04-01,12,INaturalist
Schismus barbatus,1,-116.2642533,33.61081333,2020-03-29,5,INaturalist
Schismus barbatus,1,-112.5230781,33.57254474,2020-04-03,17,INaturalist
Schismus barbatus,1,-114.9435678,36.09897885,2020-04-02,6,INaturalist
Schismus barbatus,1,-116.372568,33.76882021,2020-04-08,12,INaturalist
Schismus barbatus,1,-116.3727738,33.76037123,2020-04-09,17,INaturalist
Schismus barbatus,1,-111.9439083,33.45702,2020-04-09,16,INaturalist
Schismus barbatus,1,-115.8406729,33.4377475,2020-04-11,244,INaturalist
Schismus barbatus,1,-116.28888,33.631425,2020-03-13,5,INaturalist
Schismus barbatus,1,-116.3747725,33.6698644,2020-04-14,5,INaturalist
Schismus barbatus,1,-112.4091647,33.61207875,2020-04-20,9,INaturalist
Schismus barbatus,1,-116.2783283,33.60981333,2020-04-22,185,INaturalist
Schismus barbatus,1,-116.3619182,33.89427152,2020-04-24,6,INaturalist
Schismus barbatus,1,-117.4537807,33.30509164,2020-04-24,8,INaturalist
Schismus barbatus,1,-116.5188833,33.84912778,2020-04-24,5,INaturalist
Schismus barbatus,1,-116.23307,33.615295,2020-04-24,5,INaturalist
Schismus barbatus,1,-116.2686,33.68816167,2020-04-25,24,INaturalist
Schismus barbatus,1,-116.595224,33.94119042,2020-04-26,5,INaturalist
Schismus barbatus,1,-117.7847883,33.90473667,2020-04-26,5,INaturalist
Schismus barbatus,1,-117.1241963,32.76908351,2020-04-27,65,INaturalist
Schismus barbatus,1,-116.1835643,33.70893191,2020-04-30,3,INaturalist
Schismus barbatus,1,-116.2925332,33.71874295,2020-05-04,6,INaturalist
Schismus barbatus,1,-117.3681189,33.98546631,2020-05-06,5,INaturalist
Schismus barbatus,1,-116.4397469,33.90392248,2020-05-11,4,INaturalist
Schismus barbatus,1,-116.6722189,33.38166279,2020-05-23,32,INaturalist
Schismus barbatus,1,-112.5167467,33.58570833,2020-06-06,5,INaturalist
Schismus barbatus,1,-115.74582,34.06021,2016-03-08,100,INaturalist
Schismus barbatus,1,-116.5671617,33.90809167,2020-10-29,5,INaturalist
Schismus barbatus,1,-116.3511361,33.27490278,2020-11-21,4,INaturalist
Schismus barbatus,1,-115.9155283,33.50432,2020-02-13,10,INaturalist
Schismus barbatus,1,-116.3170038,33.72121912,2021-03-01,4,INaturalist
Schismus barbatus,1,-116.3826167,33.84227982,2021-03-01,5,INaturalist
Schismus barbatus,1,-116.2652333,33.75081917,2021-03-01,5,INaturalist
Schismus barbatus,1,-116.3013694,33.78018889,2021-02-20,5,INaturalist
Schismus barbatus,1,-116.6125105,34.00046438,2021-03-05,4,INaturalist
Schismus barbatus,1,-116.6818467,33.96397833,2021-03-13,9,INaturalist
Schismus barbatus,1,-109.8292,32.257705,2021-03-27,4,INaturalist
Schismus barbatus,1,-116.816818,32.702641,2021-04-07,25,INaturalist
Schismus barbatus,1,-116.982925,34.06426667,2021-04-17,23,INaturalist
Schismus barbatus,1,-116.6679208,32.74639085,2021-04-30,5,INaturalist
Schismus barbatus,1,-117.0206252,32.61006896,2021-05-01,3,INaturalist
Schismus barbatus,1,-112.048274,33.3735224,2021-05-03,27,INaturalist
Schismus barbatus,1,-111.8879299,33.40372785,2021-05-03,89,INaturalist
Schismus barbatus,1,-116.7351226,33.41772455,2021-05-13,4,INaturalist
Schismus barbatus,1,-114.930017,35.826062,2021-06-28,3,INaturalist
Schismus barbatus,1,-117.6516512,33.69804004,2021-06-30,10,INaturalist
Schismus barbatus,1,-116.6409383,33.89481167,2019-04-14,5,INaturalist
Schismus barbatus,1,-116.4317458,33.83004664,2022-01-24,5,INaturalist
Schismus barbatus,1,-116.3318333,32.66958667,2022-02-01,13,INaturalist
Schismus barbatus,1,-116.9281383,32.721845,2022-02-10,7,INaturalist
Schismus barbatus,1,-116.4788367,33.96175,2022-02-13,24,INaturalist
Schismus barbatus,1,-116.3223392,33.66579125,2022-02-15,4,INaturalist
Schismus barbatus,1,-117.1390833,32.63128667,2022-02-14,5,INaturalist
Schismus barbatus,1,-117.7776587,33.92236038,2022-02-19,7,INaturalist
Schismus barbatus,1,-116.96998,32.672355,2022-02-20,5,INaturalist
Schismus barbatus,1,-117.82691,33.74676891,2022-02-21,9,INaturalist
Schismus barbatus,1,-117.0775605,32.7197424,2022-02-27,4,INaturalist
Schismus barbatus,1,-117.2488533,33.1487805,2022-03-01,4,INaturalist
Schismus barbatus,1,-111.803722,33.68261268,2022-03-05,15,INaturalist
Schismus barbatus,1,-117.4421907,34.19553879,2022-03-12,15,INaturalist
Schismus barbatus,1,-117.4502156,34.20736678,2022-03-13,395,INaturalist
Schismus barbatus,1,-117.1262995,34.08778516,2022-03-17,12,INaturalist
Schismus barbatus,1,-115.6126034,35.33781004,2022-03-17,8,INaturalist
Schismus barbatus,1,-117.552382,33.54363478,2022-03-20,8,INaturalist
Schismus barbatus,1,-117.5634732,33.55335856,2022-03-20,7,INaturalist
Schismus barbatus,1,-117.7067044,33.69549473,2022-03-24,23,INaturalist
Schismus barbatus,1,-111.46833,33.46965,2022-03-25,5,INaturalist
Schismus barbatus,1,-117.2530648,32.91948872,2022-04-01,2,INaturalist
Schismus barbatus,1,-112.8289117,33.599575,2022-04-09,10,INaturalist
Schismus barbatus,1,-111.6229384,33.48208265,2022-04-29,4,INaturalist
Schismus barbatus,1,-119.78586,38.96142,2022-04-30,100,INaturalist
Schismus barbatus,1,-111.5976258,33.44463998,2022-05-02,161,INaturalist
Schismus barbatus,1,-114.219345,36.271345,2022-05-06,3,INaturalist
Schismus barbatus,1,-117.7881628,33.5901835,2022-05-24,195,INaturalist
Schismus barbatus,1,-116.25658,32.93503325,2022-11-21,354,INaturalist
Schismus barbatus,1,-115.99288,33.63443,2022-12-16,5,INaturalist
Schismus barbatus,1,-116.0186158,33.3540251,2022-12-19,6,INaturalist
Schismus barbatus,1,-116.3686917,33.30113667,2023-01-30,4,INaturalist
Schismus barbatus,1,-117.2114033,32.92381333,2023-02-02,3,INaturalist
Schismus barbatus,1,-116.68961,33.92224003,2023-02-02,3,INaturalist
Schismus barbatus,1,-116.37697,33.2896,2023-02-01,4,INaturalist
Schismus barbatus,1,-116.3519849,34.13567525,2023-02-08,7,INaturalist
Schismus barbatus,1,-117.246846,32.9392427,2023-02-12,4,INaturalist
Schismus barbatus,1,-115.8835667,34.17126333,2023-02-14,4,INaturalist
Schismus barbatus,1,-115.8483986,33.49961331,2023-02-17,3,INaturalist
Schismus barbatus,1,-115.047266,35.701332,2023-02-19,3,INaturalist
Schismus barbatus,1,-118.3027717,34.23963667,2023-02-26,11,INaturalist
Schismus barbatus,1,-110.93463,32.25708833,2023-02-27,3,INaturalist
Schismus barbatus,1,-117.1718766,32.74358743,2023-02-27,1,INaturalist
Schismus barbatus,1,-111.8107729,33.60221896,2023-03-03,5,INaturalist
Schismus barbatus,1,-117.1299393,33.000021,2023-03-05,4,INaturalist
Schismus barbatus,1,-116.4437535,33.81119422,2023-03-07,109,INaturalist
Schismus barbatus,1,-116.3020058,33.3452861,2023-03-09,8,INaturalist
Schismus barbatus,1,-114.073026,36.531797,2022-04-02,3,INaturalist
Schismus barbatus,1,-115.9403884,33.58369508,2023-03-08,8,INaturalist
Schismus barbatus,1,-114.4612423,32.67701781,2023-03-11,43,INaturalist
Schismus barbatus,1,-117.0700154,32.78057241,2023-03-16,24,INaturalist
Schismus barbatus,1,-116.3148626,33.84790181,2023-03-17,3,INaturalist
Schismus barbatus,1,-116.38883,33.30158,2023-03-17,4,INaturalist
Schismus barbatus,1,-112.8539117,33.77829667,2023-03-20,262,INaturalist
Schismus barbatus,1,-116.3568333,33.69965,2023-03-24,71,INaturalist
Schismus barbatus,1,-116.389066,33.73121246,2023-03-22,566,INaturalist
Schismus barbatus,1,-116.419625,33.63593333,2023-03-26,2,INaturalist
Schismus barbatus,1,-116.2242294,33.18534462,2023-03-14,15,INaturalist
Schismus barbatus,1,-116.0542139,33.92365556,2023-03-31,12,INaturalist
Schismus barbatus,1,-117.399822,34.50094644,2023-04-07,6,INaturalist
Schismus barbatus,1,-116.0590363,34.23189108,2023-04-07,7,INaturalist
Schismus barbatus,1,-117.0820528,34.84946333,2023-04-07,24,INaturalist
Schismus barbatus,1,-116.8637,32.693145,2023-04-10,16,INaturalist
Schismus barbatus,1,-117.8865203,33.89652754,2023-04-11,4,INaturalist
Schismus barbatus,1,-116.4579158,33.85288036,2023-04-15,6,INaturalist
Schismus barbatus,1,-116.5448812,33.98210608,2023-04-15,3,INaturalist
Schismus barbatus,1,-117.660255,33.68544667,2023-04-16,4,INaturalist
Schismus barbatus,1,-117.6241448,33.67628363,2023-04-16,5,INaturalist
Schismus barbatus,1,-114.7782533,32.504305,2023-04-16,4,INaturalist
Schismus barbatus,1,-116.5376952,33.73721905,2023-04-17,4,INaturalist
Schismus barbatus,1,-117.6473586,33.67552309,2023-04-16,7,INaturalist
Schismus barbatus,1,-117.6307533,33.68982167,2023-04-16,5,INaturalist
Schismus barbatus,1,-116.255875,33.58575,2023-04-25,4,INaturalist
Schismus barbatus,1,-111.9017234,33.77364237,2023-04-28,7,INaturalist
Schismus barbatus,1,-113.4988639,37.09861436,2023-04-29,5,INaturalist
Schismus barbatus,1,-117.2543068,32.94493228,2023-04-30,3,INaturalist
Schismus barbatus,1,-112.695305,33.93398333,2023-04-08,4,INaturalist
Schismus barbatus,1,-114.985302,35.659572,2023-03-13,3,INaturalist
Schismus barbatus,1,-115.27514,37.35787,2023-05-02,3,INaturalist
Schismus barbatus,1,-115.450168,36.089566,2023-06-05,3,INaturalist
Schismus barbatus,1,-111.9853703,33.32047754,2023-07-04,12,INaturalist
